1541	17322277082661098206.wav	የማጓጓዣ ኩባንያዎች ነገሮችን በፍጥነት ለማቅረብ በደንብ ይከፈላሉ። ባብዛኛው ጊዜ ለንግድ ሰነዶች፣ ግብይይት ወይም ለአስቸኳይ ጥገና መለዋወጫ እቃዎች በጣም አስፈላጊ ነው።	የማጓጓዣ ኩባንያዎች ነገሮችን በፍጥነት ለማቅረብ በደንብ ይከፈላሉ ባብዛኛው ጊዜ ለንግድ ሰነዶች ግብይይት ወይም ለአስቸኳይ ጥገና መለዋወጫ እቃዎች በጣም አስፈላጊ ነው	የ ማ ጓ ጓ ዣ | ኩ ባ ን ያ ዎ ች | ነ ገ ሮ ች ን | በ ፍ ጥ ነ ት | ለ ማ ቅ ረ ብ | በ ደ ን ብ | ይ ከ ፈ ላ ሉ | ባ ብ ዛ ኛ ው | ጊ ዜ | ለ ን ግ ድ | ሰ ነ ዶ ች | ግ ብ ይ ይ ት | ወ ይ ም | ለ አ ስ ቸ ኳ ይ | ጥ ገ ና | መ ለ ዋ ወ ጫ | እ ቃ ዎ ች | በ ጣ ም | አ ስ ፈ ላ ጊ | ነ ው |	189120	FEMALE
1575	13900087179379553910.wav	እስራኤል አንድ ስምምነት ከተፈረመ በኋላ ለአስር ዓመታት በሸለቆው ውስጥ ቀጣይነት ያለው ወታደራዊ መገኘት ትፈልጋለች፣ PA በበኩሉ እንዲህ ዓይነቱን መገኘት ለአምስት ዓመታት ብቻ እንዲሆን ይስማማል።	እስራኤል አንድ ስምምነት ከተፈረመ በኋላ ለአስር ዓመታት በሸለቆው ውስጥ ቀጣይነት ያለው ወታደራዊ መገኘት ትፈልጋለች pa በበኩሉ እንዲህ ዓይነቱን መገኘት ለአምስት ዓመታት ብቻ እንዲሆን ይስማማል	እ ስ ራ ኤ ል | አ ን ድ | ስ ም ም ነ ት | ከ ተ ፈ ረ መ | በ ኋ ላ | ለ አ ስ ር | ዓ መ ታ ት | በ ሸ ለ ቆ ው | ው ስ ጥ | ቀ ጣ ይ ነ ት | ያ ለ ው | ወ ታ ደ ራ ዊ | መ ገ ኘ ት | ት ፈ ል ጋ ለ ች | p a | በ በ ኩ ሉ | እ ን ዲ ህ | ዓ ይ ነ ቱ ን | መ ገ ኘ ት | ለ አ ም ስ ት | ዓ መ ታ ት | ብ ቻ | እ ን ዲ ሆ ን | ይ ስ ማ ማ ል |	268800	FEMALE
1575	710838934605665015.wav	እስራኤል አንድ ስምምነት ከተፈረመ በኋላ ለአስር ዓመታት በሸለቆው ውስጥ ቀጣይነት ያለው ወታደራዊ መገኘት ትፈልጋለች፣ PA በበኩሉ እንዲህ ዓይነቱን መገኘት ለአምስት ዓመታት ብቻ እንዲሆን ይስማማል።	እስራኤል አንድ ስምምነት ከተፈረመ በኋላ ለአስር ዓመታት በሸለቆው ውስጥ ቀጣይነት ያለው ወታደራዊ መገኘት ትፈልጋለች pa በበኩሉ እንዲህ ዓይነቱን መገኘት ለአምስት ዓመታት ብቻ እንዲሆን ይስማማል	እ ስ ራ ኤ ል | አ ን ድ | ስ ም ም ነ ት | ከ ተ ፈ ረ መ | በ ኋ ላ | ለ አ ስ ር | ዓ መ ታ ት | በ ሸ ለ ቆ ው | ው ስ ጥ | ቀ ጣ ይ ነ ት | ያ ለ ው | ወ ታ ደ ራ ዊ | መ ገ ኘ ት | ት ፈ ል ጋ ለ ች | p a | በ በ ኩ ሉ | እ ን ዲ ህ | ዓ ይ ነ ቱ ን | መ ገ ኘ ት | ለ አ ም ስ ት | ዓ መ ታ ት | ብ ቻ | እ ን ዲ ሆ ን | ይ ስ ማ ማ ል |	252480	FEMALE
1575	15990073657648982447.wav	እስራኤል አንድ ስምምነት ከተፈረመ በኋላ ለአስር ዓመታት በሸለቆው ውስጥ ቀጣይነት ያለው ወታደራዊ መገኘት ትፈልጋለች፣ PA በበኩሉ እንዲህ ዓይነቱን መገኘት ለአምስት ዓመታት ብቻ እንዲሆን ይስማማል።	እስራኤል አንድ ስምምነት ከተፈረመ በኋላ ለአስር ዓመታት በሸለቆው ውስጥ ቀጣይነት ያለው ወታደራዊ መገኘት ትፈልጋለች pa በበኩሉ እንዲህ ዓይነቱን መገኘት ለአምስት ዓመታት ብቻ እንዲሆን ይስማማል	እ ስ ራ ኤ ል | አ ን ድ | ስ ም ም ነ ት | ከ ተ ፈ ረ መ | በ ኋ ላ | ለ አ ስ ር | ዓ መ ታ ት | በ ሸ ለ ቆ ው | ው ስ ጥ | ቀ ጣ ይ ነ ት | ያ ለ ው | ወ ታ ደ ራ ዊ | መ ገ ኘ ት | ት ፈ ል ጋ ለ ች | p a | በ በ ኩ ሉ | እ ን ዲ ህ | ዓ ይ ነ ቱ ን | መ ገ ኘ ት | ለ አ ም ስ ት | ዓ መ ታ ት | ብ ቻ | እ ን ዲ ሆ ን | ይ ስ ማ ማ ል |	258240	FEMALE
1550	12998937052293449003.wav	በረዶ መንሸራተት ሙሉ የእረፍት ወቅቶችን አንድ ቦታ ላይ በረዶ መንሸራተት ዙሪያ የሚያቅዱ፣ “የበረዶ ወዳጆች” ተብለው የሚታወቁ በጣም ብዙ አፍቃሪዎች ያሉት ዋና የጉብኝት ተግባር ነው።	በረዶ መንሸራተት ሙሉ የእረፍት ወቅቶችን አንድ ቦታ ላይ በረዶ መንሸራተት ዙሪያ የሚያቅዱ የበረዶ ወዳጆች ተብለው የሚታወቁ በጣም ብዙ አፍቃሪዎች ያሉት ዋና የጉብኝት ተግባር ነው	በ ረ ዶ | መ ን ሸ ራ ተ ት | ሙ ሉ | የ እ ረ ፍ ት | ወ ቅ ቶ ች ን | አ ን ድ | ቦ ታ | ላ ይ | በ ረ ዶ | መ ን ሸ ራ ተ ት | ዙ ሪ ያ | የ ሚ ያ ቅ ዱ | የ በ ረ ዶ | ወ ዳ ጆ ች | ተ ብ ለ ው | የ ሚ ታ ወ ቁ | በ ጣ ም | ብ ዙ | አ ፍ ቃ ሪ ዎ ች | ያ ሉ ት | ዋ ና | የ ጉ ብ ኝ ት | ተ ግ ባ ር | ነ ው |	242880	FEMALE
1585	107077680205457619.wav	በጊዜ ሂደት፣ አዲሱ ህዝብ አዲሱን አካባቢውን መልመድ ሲጀምር፣ ከሌሎች ህዝቦች ጋር ያላቸው መመሳሰል እየቀነሰ ይሄዳል።	በጊዜ ሂደት አዲሱ ህዝብ አዲሱን አካባቢውን መልመድ ሲጀምር ከሌሎች ህዝቦች ጋር ያላቸው መመሳሰል እየቀነሰ ይሄዳል	በ ጊ ዜ | ሂ ደ ት | አ ዲ ሱ | ህ ዝ ብ | አ ዲ ሱ ን | አ ካ ባ ቢ ው ን | መ ል መ ድ | ሲ ጀ ም ር | ከ ሌ ሎ ች | ህ ዝ ቦ ች | ጋ ር | ያ ላ ቸ ው | መ መ ሳ ሰ ል | እ የ ቀ ነ ሰ | ይ ሄ ዳ ል |	170880	FEMALE
1569	9588772688289574104.wav	ሪፖርቱ የተከፈተው ክፍት የሆነ ክርክር እንዲኖር በመጠየቅ እና በመካከለኛው ምስራቅ ስላለው ፖሊሲ በአሜሪካ ውስጥ የጋራ መግባባት በመፍጠር ነው።	ሪፖርቱ የተከፈተው ክፍት የሆነ ክርክር እንዲኖር በመጠየቅ እና በመካከለኛው ምስራቅ ስላለው ፖሊሲ በአሜሪካ ውስጥ የጋራ መግባባት በመፍጠር ነው	ሪ ፖ ር ቱ | የ ተ ከ ፈ ተ ው | ክ ፍ ት | የ ሆ ነ | ክ ር ክ ር | እ ን ዲ ኖ ር | በ መ ጠ የ ቅ | እ ና | በ መ ካ ከ ለ ኛ ው | ም ስ ራ ቅ | ስ ላ ለ ው | ፖ ሊ ሲ | በ አ ሜ ሪ ካ | ው ስ ጥ | የ ጋ ራ | መ ግ ባ ባ ት | በ መ ፍ ጠ ር | ነ ው |	168000	FEMALE
1569	853492598219016415.wav	ሪፖርቱ የተከፈተው ክፍት የሆነ ክርክር እንዲኖር በመጠየቅ እና በመካከለኛው ምስራቅ ስላለው ፖሊሲ በአሜሪካ ውስጥ የጋራ መግባባት በመፍጠር ነው።	ሪፖርቱ የተከፈተው ክፍት የሆነ ክርክር እንዲኖር በመጠየቅ እና በመካከለኛው ምስራቅ ስላለው ፖሊሲ በአሜሪካ ውስጥ የጋራ መግባባት በመፍጠር ነው	ሪ ፖ ር ቱ | የ ተ ከ ፈ ተ ው | ክ ፍ ት | የ ሆ ነ | ክ ር ክ ር | እ ን ዲ ኖ ር | በ መ ጠ የ ቅ | እ ና | በ መ ካ ከ ለ ኛ ው | ም ስ ራ ቅ | ስ ላ ለ ው | ፖ ሊ ሲ | በ አ ሜ ሪ ካ | ው ስ ጥ | የ ጋ ራ | መ ግ ባ ባ ት | በ መ ፍ ጠ ር | ነ ው |	188160	FEMALE
1557	3899272004442987046.wav	በአንደኛው የዓለም ጦርነት ወቅት የጦርነትን አስከፊ እና ጭካኔ ከተመለከቱ በኋላ፣ ሃገሮች ለወደፊቱ እንዲህ ዓይነቱን ሁኔታ እንደገና ለማስወገድ ፈለጉ።	በአንደኛው የዓለም ጦርነት ወቅት የጦርነትን አስከፊ እና ጭካኔ ከተመለከቱ በኋላ ሃገሮች ለወደፊቱ እንዲህ ዓይነቱን ሁኔታ እንደገና ለማስወገድ ፈለጉ	በ አ ን ደ ኛ ው | የ ዓ ለ ም | ጦ ር ነ ት | ወ ቅ ት | የ ጦ ር ነ ት ን | አ ስ ከ ፊ | እ ና | ጭ ካ ኔ | ከ ተ መ ለ ከ ቱ | በ ኋ ላ | ሃ ገ ሮ ች | ለ ወ ደ ፊ ቱ | እ ን ዲ ህ | ዓ ይ ነ ቱ ን | ሁ ኔ ታ | እ ን ደ ገ ና | ለ ማ ስ ወ ገ ድ | ፈ ለ ጉ |	161280	FEMALE
1621	17688406685967410237.wav	መጀመሪያ ላይ፣ ቀሚስ በምሥራቅ በባይዛንታይን ባህል ላይ ከፍተኛ ተጽዕኖ አሳድሯል።	መጀመሪያ ላይ ቀሚስ በምሥራቅ በባይዛንታይን ባህል ላይ ከፍተኛ ተጽዕኖ አሳድሯል	መ ጀ መ ሪ ያ | ላ ይ | ቀ ሚ ስ | በ ም ሥ ራ ቅ | በ ባ ይ ዛ ን ታ ይ ን | ባ ህ ል | ላ ይ | ከ ፍ ተ ኛ | ተ ጽ ዕ ኖ | አ ሳ ድ ሯ ል |	122880	FEMALE
1621	3471221675329859477.wav	መጀመሪያ ላይ፣ ቀሚስ በምሥራቅ በባይዛንታይን ባህል ላይ ከፍተኛ ተጽዕኖ አሳድሯል።	መጀመሪያ ላይ ቀሚስ በምሥራቅ በባይዛንታይን ባህል ላይ ከፍተኛ ተጽዕኖ አሳድሯል	መ ጀ መ ሪ ያ | ላ ይ | ቀ ሚ ስ | በ ም ሥ ራ ቅ | በ ባ ይ ዛ ን ታ ይ ን | ባ ህ ል | ላ ይ | ከ ፍ ተ ኛ | ተ ጽ ዕ ኖ | አ ሳ ድ ሯ ል |	119040	FEMALE
1583	2370326377257659667.wav	ወደ እዚህ ድምዳሜ የመጣችው በሚሰጧት ጥሩ አስተያየቶች እና ከሁለቱም ሴት እና ወንድ ወገኖች የወሊድ መቆጣጠሪያ ሕክምና አስፈላጊ ሕክምና እንደሆን ማበረታቻ ስለሚላክላት ነው።	ወደ እዚህ ድምዳሜ የመጣችው በሚሰጧት ጥሩ አስተያየቶች እና ከሁለቱም ሴት እና ወንድ ወገኖች የወሊድ መቆጣጠሪያ ሕክምና አስፈላጊ ሕክምና እንደሆን ማበረታቻ ስለሚላክላት ነው	ወ ደ | እ ዚ ህ | ድ ም ዳ ሜ | የ መ ጣ ች ው | በ ሚ ሰ ጧ ት | ጥ ሩ | አ ስ ተ ያ የ ቶ ች | እ ና | ከ ሁ ለ ቱ ም | ሴ ት | እ ና | ወ ን ድ | ወ ገ ኖ ች | የ ወ ሊ ድ | መ ቆ ጣ ጠ ሪ ያ | ሕ ክ ም ና | አ ስ ፈ ላ ጊ | ሕ ክ ም ና | እ ን ደ ሆ ን | ማ በ ረ ታ ቻ | ስ ለ ሚ ላ ክ ላ ት | ነ ው |	228480	FEMALE
1583	17139267518940924642.wav	ወደ እዚህ ድምዳሜ የመጣችው በሚሰጧት ጥሩ አስተያየቶች እና ከሁለቱም ሴት እና ወንድ ወገኖች የወሊድ መቆጣጠሪያ ሕክምና አስፈላጊ ሕክምና እንደሆን ማበረታቻ ስለሚላክላት ነው።	ወደ እዚህ ድምዳሜ የመጣችው በሚሰጧት ጥሩ አስተያየቶች እና ከሁለቱም ሴት እና ወንድ ወገኖች የወሊድ መቆጣጠሪያ ሕክምና አስፈላጊ ሕክምና እንደሆን ማበረታቻ ስለሚላክላት ነው	ወ ደ | እ ዚ ህ | ድ ም ዳ ሜ | የ መ ጣ ች ው | በ ሚ ሰ ጧ ት | ጥ ሩ | አ ስ ተ ያ የ ቶ ች | እ ና | ከ ሁ ለ ቱ ም | ሴ ት | እ ና | ወ ን ድ | ወ ገ ኖ ች | የ ወ ሊ ድ | መ ቆ ጣ ጠ ሪ ያ | ሕ ክ ም ና | አ ስ ፈ ላ ጊ | ሕ ክ ም ና | እ ን ደ ሆ ን | ማ በ ረ ታ ቻ | ስ ለ ሚ ላ ክ ላ ት | ነ ው |	233280	FEMALE
1530	7336864327500003945.wav	ማክሰኞ እንዲቋረጥ ቀጠሮ ተይዞ የነበረ ቢሆንም፣ ከአስቸኳይ የፍርድ ቤት ውሳኔ በኋላ ድኗል።	ማክሰኞ እንዲቋረጥ ቀጠሮ ተይዞ የነበረ ቢሆንም ከአስቸኳይ የፍርድ ቤት ውሳኔ በኋላ ድኗል	ማ ክ ሰ ኞ | እ ን ዲ ቋ ረ ጥ | ቀ ጠ ሮ | ተ ይ ዞ | የ ነ በ ረ | ቢ ሆ ን ም | ከ አ ስ ቸ ኳ ይ | የ ፍ ር ድ | ቤ ት | ው ሳ ኔ | በ ኋ ላ | ድ ኗ ል |	130560	FEMALE
1605	4676797743352698660.wav	ከአህጉሩ ባለው ረጅም ርቀት ምክንያት አጥቢዎች ጉዞውን ማድረግ ስላልቻሉ ግዙፉ ኤሊ የጋላፓጎስ ዋነኛ ሳር የሚግጥ እንሰሳ ሆኗል።	ከአህጉሩ ባለው ረጅም ርቀት ምክንያት አጥቢዎች ጉዞውን ማድረግ ስላልቻሉ ግዙፉ ኤሊ የጋላፓጎስ ዋነኛ ሳር የሚግጥ እንሰሳ ሆኗል	ከ አ ህ ጉ ሩ | ባ ለ ው | ረ ጅ ም | ር ቀ ት | ም ክ ን ያ ት | አ ጥ ቢ ዎ ች | ጉ ዞ ው ን | ማ ድ ረ ግ | ስ ላ ል ቻ ሉ | ግ ዙ ፉ | ኤ ሊ | የ ጋ ላ ፓ ጎ ስ | ዋ ነ ኛ | ሳ ር | የ ሚ ግ ጥ | እ ን ሰ ሳ | ሆ ኗ ል |	167040	FEMALE
1605	9814166575161116286.wav	ከአህጉሩ ባለው ረጅም ርቀት ምክንያት አጥቢዎች ጉዞውን ማድረግ ስላልቻሉ ግዙፉ ኤሊ የጋላፓጎስ ዋነኛ ሳር የሚግጥ እንሰሳ ሆኗል።	ከአህጉሩ ባለው ረጅም ርቀት ምክንያት አጥቢዎች ጉዞውን ማድረግ ስላልቻሉ ግዙፉ ኤሊ የጋላፓጎስ ዋነኛ ሳር የሚግጥ እንሰሳ ሆኗል	ከ አ ህ ጉ ሩ | ባ ለ ው | ረ ጅ ም | ር ቀ ት | ም ክ ን ያ ት | አ ጥ ቢ ዎ ች | ጉ ዞ ው ን | ማ ድ ረ ግ | ስ ላ ል ቻ ሉ | ግ ዙ ፉ | ኤ ሊ | የ ጋ ላ ፓ ጎ ስ | ዋ ነ ኛ | ሳ ር | የ ሚ ግ ጥ | እ ን ሰ ሳ | ሆ ኗ ል |	168960	FEMALE
1519	12240009353942836508.wav	በብዙ ሁኔታዎች ለአንድ ክፍት-አመት ትምህርት በውጭ ሃገር መመዝገብ በተግባር በትውልድ ሃገርዎ ወደ ከፍተኛ ትምህርት የመግባት እድልዎትን ሊያሻሽል ይችላል።	በብዙ ሁኔታዎች ለአንድ ክፍት-አመት ትምህርት በውጭ ሃገር መመዝገብ በተግባር በትውልድ ሃገርዎ ወደ ከፍተኛ ትምህርት የመግባት እድልዎትን ሊያሻሽል ይችላል	በ ብ ዙ | ሁ ኔ ታ ዎ ች | ለ አ ን ድ | ክ ፍ ት - አ መ ት | ት ም ህ ር ት | በ ው ጭ | ሃ ገ ር | መ መ ዝ ገ ብ | በ ተ ግ ባ ር | በ ት ው ል ድ | ሃ ገ ር ዎ | ወ ደ | ከ ፍ ተ ኛ | ት ም ህ ር ት | የ መ ግ ባ ት | እ ድ ል ዎ ት ን | ሊ ያ ሻ ሽ ል | ይ ች ላ ል |	229440	FEMALE
1534	17396170203060043085.wav	በአንፃራዊነት ተደራሽነቷ ካለመኖር ጋር ተጣምሮ፣ "ቲምቡክቱ" ብርቅ እና ሩቅ ለሆኑ ምድሮች እንደ አቃቂራዊ ተምሳሌት እንድንገለገልባት ሆናለች።	በአንፃራዊነት ተደራሽነቷ ካለመኖር ጋር ተጣምሮ ቲምቡክቱ ብርቅ እና ሩቅ ለሆኑ ምድሮች እንደ አቃቂራዊ ተምሳሌት እንድንገለገልባት ሆናለች	በ አ ን ፃ ራ ዊ ነ ት | ተ ደ ራ ሽ ነ ቷ | ካ ለ መ ኖ ር | ጋ ር | ተ ጣ ም ሮ | ቲ ም ቡ ክ ቱ | ብ ር ቅ | እ ና | ሩ ቅ | ለ ሆ ኑ | ም ድ ሮ ች | እ ን ደ | አ ቃ ቂ ራ ዊ | ተ ም ሳ ሌ ት | እ ን ድ ን ገ ለ ገ ል ባ ት | ሆ ና ለ ች |	195840	FEMALE
1534	13984713043715103965.wav	በአንፃራዊነት ተደራሽነቷ ካለመኖር ጋር ተጣምሮ፣ "ቲምቡክቱ" ብርቅ እና ሩቅ ለሆኑ ምድሮች እንደ አቃቂራዊ ተምሳሌት እንድንገለገልባት ሆናለች።	በአንፃራዊነት ተደራሽነቷ ካለመኖር ጋር ተጣምሮ ቲምቡክቱ ብርቅ እና ሩቅ ለሆኑ ምድሮች እንደ አቃቂራዊ ተምሳሌት እንድንገለገልባት ሆናለች	በ አ ን ፃ ራ ዊ ነ ት | ተ ደ ራ ሽ ነ ቷ | ካ ለ መ ኖ ር | ጋ ር | ተ ጣ ም ሮ | ቲ ም ቡ ክ ቱ | ብ ር ቅ | እ ና | ሩ ቅ | ለ ሆ ኑ | ም ድ ሮ ች | እ ን ደ | አ ቃ ቂ ራ ዊ | ተ ም ሳ ሌ ት | እ ን ድ ን ገ ለ ገ ል ባ ት | ሆ ና ለ ች |	207360	FEMALE
1534	17428322016269189152.wav	በአንፃራዊነት ተደራሽነቷ ካለመኖር ጋር ተጣምሮ፣ "ቲምቡክቱ" ብርቅ እና ሩቅ ለሆኑ ምድሮች እንደ አቃቂራዊ ተምሳሌት እንድንገለገልባት ሆናለች።	በአንፃራዊነት ተደራሽነቷ ካለመኖር ጋር ተጣምሮ ቲምቡክቱ ብርቅ እና ሩቅ ለሆኑ ምድሮች እንደ አቃቂራዊ ተምሳሌት እንድንገለገልባት ሆናለች	በ አ ን ፃ ራ ዊ ነ ት | ተ ደ ራ ሽ ነ ቷ | ካ ለ መ ኖ ር | ጋ ር | ተ ጣ ም ሮ | ቲ ም ቡ ክ ቱ | ብ ር ቅ | እ ና | ሩ ቅ | ለ ሆ ኑ | ም ድ ሮ ች | እ ን ደ | አ ቃ ቂ ራ ዊ | ተ ም ሳ ሌ ት | እ ን ድ ን ገ ለ ገ ል ባ ት | ሆ ና ለ ች |	203520	FEMALE
1548	16842458803598082307.wav	በሺዎች በሚቆጠሩ ማይሎችን ርቆ ለሚኖር ሰው ሲደውሉ፣ ሳተላይትን እየተጠቀሙ ነው።	በሺዎች በሚቆጠሩ ማይሎችን ርቆ ለሚኖር ሰው ሲደውሉ ሳተላይትን እየተጠቀሙ ነው	በ ሺ ዎ ች | በ ሚ ቆ ጠ ሩ | ማ ይ ሎ ች ን | ር ቆ | ለ ሚ ኖ ር | ሰ ው | ሲ ደ ው ሉ | ሳ ተ ላ ይ ት ን | እ የ ተ ጠ ቀ ሙ | ነ ው |	130560	FEMALE
1651	1221568799144152303.wav	የዓመት-እረፍት ለሚያቅዱ ሰዎች ይበልጥ እየጨመረ የሄደው አማራጭ ጉዞ መሄድ እና መማር ነው።	የዓመት-እረፍት ለሚያቅዱ ሰዎች ይበልጥ እየጨመረ የሄደው አማራጭ ጉዞ መሄድ እና መማር ነው	የ ዓ መ ት - እ ረ ፍ ት | ለ ሚ ያ ቅ ዱ | ሰ ዎ ች | ይ በ ል ጥ | እ የ ጨ መ ረ | የ ሄ ደ ው | አ ማ ራ ጭ | ጉ ዞ | መ ሄ ድ | እ ና | መ ማ ር | ነ ው |	132480	FEMALE
1651	8657832243438795180.wav	የዓመት-እረፍት ለሚያቅዱ ሰዎች ይበልጥ እየጨመረ የሄደው አማራጭ ጉዞ መሄድ እና መማር ነው።	የዓመት-እረፍት ለሚያቅዱ ሰዎች ይበልጥ እየጨመረ የሄደው አማራጭ ጉዞ መሄድ እና መማር ነው	የ ዓ መ ት - እ ረ ፍ ት | ለ ሚ ያ ቅ ዱ | ሰ ዎ ች | ይ በ ል ጥ | እ የ ጨ መ ረ | የ ሄ ደ ው | አ ማ ራ ጭ | ጉ ዞ | መ ሄ ድ | እ ና | መ ማ ር | ነ ው |	140160	FEMALE
1595	11987760743337656272.wav	የቲቤት ቡድሂዝም በቡድሃ ትምህርቶች ላይ የተመሠረተ ነው ፣ ግን በማሃያና የፍቅር መንገድ እና ከህንድ ዮጋ በብዙ ቴክኒኮች የተራዘመ ነው።	የቲቤት ቡድሂዝም በቡድሃ ትምህርቶች ላይ የተመሠረተ ነው ፣ ግን በማሃያና የፍቅር መንገድ እና ከህንድ ዮጋ በብዙ ቴክኒኮች የተራዘመ ነው	የ ቲ ቤ ት | ቡ ድ ሂ ዝ ም | በ ቡ ድ ሃ | ት ም ህ ር ቶ ች | ላ ይ | የ ተ መ ሠ ረ ተ | ነ ው | ፣ | ግ ን | በ ማ ሃ ያ ና | የ ፍ ቅ ር | መ ን ገ ድ | እ ና | ከ ህ ን ድ | ዮ ጋ | በ ብ ዙ | ቴ ክ ኒ ኮ ች | የ ተ ራ ዘ መ | ነ ው |	216960	FEMALE
1518	10292270970350534886.wav	አንድ የቀድሞ የፊሊፒንስ ፖሊስ የፊሊፒንስ ዋና ከተማ በሆነችው ማኒላ ውስጥ አንድ አውቶቡስ በመጥለፍ የሆንግ ኮንግ ቱሪስቶች አግቶ ቆይተዋል።	አንድ የቀድሞ የፊሊፒንስ ፖሊስ የፊሊፒንስ ዋና ከተማ በሆነችው ማኒላ ውስጥ አንድ አውቶቡስ በመጥለፍ የሆንግ ኮንግ ቱሪስቶች አግቶ ቆይተዋል	አ ን ድ | የ ቀ ድ ሞ | የ ፊ ሊ ፒ ን ስ | ፖ ሊ ስ | የ ፊ ሊ ፒ ን ስ | ዋ ና | ከ ተ ማ | በ ሆ ነ ች ው | ማ ኒ ላ | ው ስ ጥ | አ ን ድ | አ ው ቶ ቡ ስ | በ መ ጥ ለ ፍ | የ ሆ ን ግ | ኮ ን ግ | ቱ ሪ ስ ቶ ች | አ ግ ቶ | ቆ ይ ተ ዋ ል |	176640	FEMALE
1623	1695773803039892101.wav	አንቀጾቹ ከመጽደቃቸው በፊት ከሁሉም ክልሎች አንድላይ ፈቃድ ያስፈላጋቸዋል እና ክልሎቹ መዓከላዊ መንግስቱን በትክክል ካልመውሰዳቸው የተነሳ ተወካዮቻቸው በአብዛኛው ቀሪ ነበሩ።	አንቀጾቹ ከመጽደቃቸው በፊት ከሁሉም ክልሎች አንድላይ ፈቃድ ያስፈላጋቸዋል እና ክልሎቹ መዓከላዊ መንግስቱን በትክክል ካልመውሰዳቸው የተነሳ ተወካዮቻቸው በአብዛኛው ቀሪ ነበሩ	አ ን ቀ ጾ ቹ | ከ መ ጽ ደ ቃ ቸ ው | በ ፊ ት | ከ ሁ ሉ ም | ክ ል ሎ ች | አ ን ድ ላ ይ | ፈ ቃ ድ | ያ ስ ፈ ላ ጋ ቸ ዋ ል | እ ና | ክ ል ሎ ቹ | መ ዓ ከ ላ ዊ | መ ን ግ ስ ቱ ን | በ ት ክ ክ ል | ካ ል መ ው ሰ ዳ ቸ ው | የ ተ ነ ሳ | ተ ወ ካ ዮ ቻ ቸ ው | በ አ ብ ዛ ኛ ው | ቀ ሪ | ነ በ ሩ |	234240	FEMALE
1623	2916882198336317383.wav	አንቀጾቹ ከመጽደቃቸው በፊት ከሁሉም ክልሎች አንድላይ ፈቃድ ያስፈላጋቸዋል እና ክልሎቹ መዓከላዊ መንግስቱን በትክክል ካልመውሰዳቸው የተነሳ ተወካዮቻቸው በአብዛኛው ቀሪ ነበሩ።	አንቀጾቹ ከመጽደቃቸው በፊት ከሁሉም ክልሎች አንድላይ ፈቃድ ያስፈላጋቸዋል እና ክልሎቹ መዓከላዊ መንግስቱን በትክክል ካልመውሰዳቸው የተነሳ ተወካዮቻቸው በአብዛኛው ቀሪ ነበሩ	አ ን ቀ ጾ ቹ | ከ መ ጽ ደ ቃ ቸ ው | በ ፊ ት | ከ ሁ ሉ ም | ክ ል ሎ ች | አ ን ድ ላ ይ | ፈ ቃ ድ | ያ ስ ፈ ላ ጋ ቸ ዋ ል | እ ና | ክ ል ሎ ቹ | መ ዓ ከ ላ ዊ | መ ን ግ ስ ቱ ን | በ ት ክ ክ ል | ካ ል መ ው ሰ ዳ ቸ ው | የ ተ ነ ሳ | ተ ወ ካ ዮ ቻ ቸ ው | በ አ ብ ዛ ኛ ው | ቀ ሪ | ነ በ ሩ |	243840	FEMALE
1588	11255994854864397913.wav	ፖሊስ ባለው መሰረት፣ ፎቶግራፈሩን የገጨው ተሽከርካሪ ሹፌር የወንጀለኛ ቅጣት የመቀበል ዕድሉ እጅግ አናሳ ነው።	ፖሊስ ባለው መሰረት ፎቶግራፈሩን የገጨው ተሽከርካሪ ሹፌር የወንጀለኛ ቅጣት የመቀበል ዕድሉ እጅግ አናሳ ነው	ፖ ሊ ስ | ባ ለ ው | መ ሰ ረ ት | ፎ ቶ ግ ራ ፈ ሩ ን | የ ገ ጨ ው | ተ ሽ ከ ር ካ ሪ | ሹ ፌ ር | የ ወ ን ጀ ለ ኛ | ቅ ጣ ት | የ መ ቀ በ ል | ዕ ድ ሉ | እ ጅ ግ | አ ና ሳ | ነ ው |	168960	FEMALE
1561	8091318618043396625.wav	አብዛኞቹ ወረዳዎች ምቹ እና ጠንካራ በሆኑ ትናንሽ የጃፓን ኮስተር አውቶቡሶች ይገለገላሉ።	አብዛኞቹ ወረዳዎች ምቹ እና ጠንካራ በሆኑ ትናንሽ የጃፓን ኮስተር አውቶቡሶች ይገለገላሉ	አ ብ ዛ ኞ ቹ | ወ ረ ዳ ዎ ች | ም ቹ | እ ና | ጠ ን ካ ራ | በ ሆ ኑ | ት ና ን ሽ | የ ጃ ፓ ን | ኮ ስ ተ ር | አ ው ቶ ቡ ሶ ች | ይ ገ ለ ገ ላ ሉ |	150720	FEMALE
1624	13367608438910822409.wav	የውሃ የውስጥ መንገዶች በዓሉን መሠረት ለማድረግ ጥሩ ገጽታ ይሆናሉ።	የውሃ የውስጥ መንገዶች በዓሉን መሠረት ለማድረግ ጥሩ ገጽታ ይሆናሉ	የ ው ሃ | የ ው ስ ጥ | መ ን ገ ዶ ች | በ ዓ ሉ ን | መ ሠ ረ ት | ለ ማ ድ ረ ግ | ጥ ሩ | ገ ጽ ታ | ይ ሆ ና ሉ |	114240	FEMALE
1625	6734247433310339939.wav	በመላ አገሪቱ ያሉ ዝነኛ ዘፋኞች የባጃን ወይም የአምልኮ ዘፈኖችን ለሺሪ ሽያም እግሮች ስር አቀረቡ።	በመላ አገሪቱ ያሉ ዝነኛ ዘፋኞች የባጃን ወይም የአምልኮ ዘፈኖችን ለሺሪ ሽያም እግሮች ስር አቀረቡ	በ መ ላ | አ ገ ሪ ቱ | ያ ሉ | ዝ ነ ኛ | ዘ ፋ ኞ ች | የ ባ ጃ ን | ወ ይ ም | የ አ ም ል ኮ | ዘ ፈ ኖ ች ን | ለ ሺ ሪ | ሽ ያ ም | እ ግ ሮ ች | ስ ር | አ ቀ ረ ቡ |	168000	FEMALE
1581	6171923028225215153.wav	በተጨማሪም አማዞን በምድር ላይ እጅግ በጣም ሰፊ ወንዝ ነው፣ አንዳንዴ ስድስት ማይሎች ሰፊ ይሆናል።	በተጨማሪም አማዞን በምድር ላይ እጅግ በጣም ሰፊ ወንዝ ነው አንዳንዴ ስድስት ማይሎች ሰፊ ይሆናል	በ ተ ጨ ማ ሪ ም | አ ማ ዞ ን | በ ም ድ ር | ላ ይ | እ ጅ ግ | በ ጣ ም | ሰ ፊ | ወ ን ዝ | ነ ው | አ ን ዳ ን ዴ | ስ ድ ስ ት | ማ ይ ሎ ች | ሰ ፊ | ይ ሆ ና ል |	117120	FEMALE
1581	11226533903634322617.wav	በተጨማሪም አማዞን በምድር ላይ እጅግ በጣም ሰፊ ወንዝ ነው፣ አንዳንዴ ስድስት ማይሎች ሰፊ ይሆናል።	በተጨማሪም አማዞን በምድር ላይ እጅግ በጣም ሰፊ ወንዝ ነው አንዳንዴ ስድስት ማይሎች ሰፊ ይሆናል	በ ተ ጨ ማ ሪ ም | አ ማ ዞ ን | በ ም ድ ር | ላ ይ | እ ጅ ግ | በ ጣ ም | ሰ ፊ | ወ ን ዝ | ነ ው | አ ን ዳ ን ዴ | ስ ድ ስ ት | ማ ይ ሎ ች | ሰ ፊ | ይ ሆ ና ል |	126720	FEMALE
1581	7807162403616373153.wav	በተጨማሪም አማዞን በምድር ላይ እጅግ በጣም ሰፊ ወንዝ ነው፣ አንዳንዴ ስድስት ማይሎች ሰፊ ይሆናል።	በተጨማሪም አማዞን በምድር ላይ እጅግ በጣም ሰፊ ወንዝ ነው አንዳንዴ ስድስት ማይሎች ሰፊ ይሆናል	በ ተ ጨ ማ ሪ ም | አ ማ ዞ ን | በ ም ድ ር | ላ ይ | እ ጅ ግ | በ ጣ ም | ሰ ፊ | ወ ን ዝ | ነ ው | አ ን ዳ ን ዴ | ስ ድ ስ ት | ማ ይ ሎ ች | ሰ ፊ | ይ ሆ ና ል |	155520	FEMALE
1511	6793514774486040170.wav	ብዙም ሳይቆይ የአመፅ መሣሪያ የታጠቁ መኮንኖች ወደ ግቢው በመግባት እስረኞችን በአስለቃሽ ጭስ ዘጉ።	ብዙም ሳይቆይ የአመፅ መሣሪያ የታጠቁ መኮንኖች ወደ ግቢው በመግባት እስረኞችን በአስለቃሽ ጭስ ዘጉ	ብ ዙ ም | ሳ ይ ቆ ይ | የ አ መ ፅ | መ ሣ ሪ ያ | የ ታ ጠ ቁ | መ ኮ ን ኖ ች | ወ ደ | ግ ቢ ው | በ መ ግ ባ ት | እ ስ ረ ኞ ች ን | በ አ ስ ለ ቃ ሽ | ጭ ስ | ዘ ጉ |	147840	FEMALE
1511	16065660288859052461.wav	ብዙም ሳይቆይ የአመፅ መሣሪያ የታጠቁ መኮንኖች ወደ ግቢው በመግባት እስረኞችን በአስለቃሽ ጭስ ዘጉ።	ብዙም ሳይቆይ የአመፅ መሣሪያ የታጠቁ መኮንኖች ወደ ግቢው በመግባት እስረኞችን በአስለቃሽ ጭስ ዘጉ	ብ ዙ ም | ሳ ይ ቆ ይ | የ አ መ ፅ | መ ሣ ሪ ያ | የ ታ ጠ ቁ | መ ኮ ን ኖ ች | ወ ደ | ግ ቢ ው | በ መ ግ ባ ት | እ ስ ረ ኞ ች ን | በ አ ስ ለ ቃ ሽ | ጭ ስ | ዘ ጉ |	166080	FEMALE
1607	12573679768479282574.wav	ትኩረት ወደ ሚስብ አስገራሚ መንደሩ መጓዝ ግማሽ ሰዓት ያህል ዋጋ አለው።	ትኩረት ወደ ሚስብ አስገራሚ መንደሩ መጓዝ ግማሽ ሰዓት ያህል ዋጋ አለው	ት ኩ ረ ት | ወ ደ | ሚ ስ ብ | አ ስ ገ ራ ሚ | መ ን ደ ሩ | መ ጓ ዝ | ግ ማ ሽ | ሰ ዓ ት | ያ ህ ል | ዋ ጋ | አ ለ ው |	90240	FEMALE
1607	2075046934868070843.wav	ትኩረት ወደ ሚስብ አስገራሚ መንደሩ መጓዝ ግማሽ ሰዓት ያህል ዋጋ አለው።	ትኩረት ወደ ሚስብ አስገራሚ መንደሩ መጓዝ ግማሽ ሰዓት ያህል ዋጋ አለው	ት ኩ ረ ት | ወ ደ | ሚ ስ ብ | አ ስ ገ ራ ሚ | መ ን ደ ሩ | መ ጓ ዝ | ግ ማ ሽ | ሰ ዓ ት | ያ ህ ል | ዋ ጋ | አ ለ ው |	124800	FEMALE
1516	16989014604682846922.wav	እባክዎን ቦታውን በሙሉ ተገቢነት፣ እርጋታ እና አክብሮት ይመልከቱ። ስለ እልቂቱ ወይም ናዚዎች አይቀልዱ።	እባክዎን ቦታውን በሙሉ ተገቢነት እርጋታ እና አክብሮት ይመልከቱ ስለ እልቂቱ ወይም ናዚዎች አይቀልዱ	እ ባ ክ ዎ ን | ቦ ታ ው ን | በ ሙ ሉ | ተ ገ ቢ ነ ት | እ ር ጋ ታ | እ ና | አ ክ ብ ሮ ት | ይ መ ል ከ ቱ | ስ ለ | እ ል ቂ ቱ | ወ ይ ም | ና ዚ ዎ ች | አ ይ ቀ ል ዱ |	142080	FEMALE
1516	13783420122918733696.wav	እባክዎን ቦታውን በሙሉ ተገቢነት፣ እርጋታ እና አክብሮት ይመልከቱ። ስለ እልቂቱ ወይም ናዚዎች አይቀልዱ።	እባክዎን ቦታውን በሙሉ ተገቢነት እርጋታ እና አክብሮት ይመልከቱ ስለ እልቂቱ ወይም ናዚዎች አይቀልዱ	እ ባ ክ ዎ ን | ቦ ታ ው ን | በ ሙ ሉ | ተ ገ ቢ ነ ት | እ ር ጋ ታ | እ ና | አ ክ ብ ሮ ት | ይ መ ል ከ ቱ | ስ ለ | እ ል ቂ ቱ | ወ ይ ም | ና ዚ ዎ ች | አ ይ ቀ ል ዱ |	145920	FEMALE
1604	8970217569701091638.wav	እንደ NSA፣ እንደ ካምፕ ዴቪድ አኮርድስ፣ 1978፤ በ1970ዎች የአሜሪካ እና የቻይና ግንኙነትን መመለስ፤ የኢራን ታጋች ቀውስን የመራው የኢራን ርዕዮተ አለም፣ 1979፤ እና በአፍጋኒስታን የሶቭየት ወረራ፣ 1979 ያሉ የአለም ጉዳዪች በዲፕሎማሲ መንገድ ለማስተናገድ ካርተርን ረዳው።	እንደ nsa እንደ ካምፕ ዴቪድ አኮርድስ 1978 በ1970ዎች የአሜሪካ እና የቻይና ግንኙነትን መመለስ የኢራን ታጋች ቀውስን የመራው የኢራን ርዕዮተ አለም 1979 እና በአፍጋኒስታን የሶቭየት ወረራ 1979 ያሉ የአለም ጉዳዪች በዲፕሎማሲ መንገድ ለማስተናገድ ካርተርን ረዳው	እ ን ደ | n s a | እ ን ደ | ካ ም ፕ | ዴ ቪ ድ | አ ኮ ር ድ ስ | 1 9 7 8 | በ 1 9 7 0 ዎ ች | የ አ ሜ ሪ ካ | እ ና | የ ቻ ይ ና | ግ ን ኙ ነ ት ን | መ መ ለ ስ | የ ኢ ራ ን | ታ ጋ ች | ቀ ው ስ ን | የ መ ራ ው | የ ኢ ራ ን | ር ዕ ዮ ተ | አ ለ ም | 1 9 7 9 | እ ና | በ አ ፍ ጋ ኒ ስ ታ ን | የ ሶ ቭ የ ት | ወ ረ ራ | 1 9 7 9 | ያ ሉ | የ አ ለ ም | ጉ ዳ ዪ ች | በ ዲ ፕ ሎ ማ ሲ | መ ን ገ ድ | ለ ማ ስ ተ ና ገ ድ | ካ ር ተ ር ን | ረ ዳ ው |	433920	FEMALE
1563	3399613122419342578.wav	ተመራማሪዎች ይህ የልጅ ዳይኖሰር ጭራ ቢሆንም፣ ናሙናው የአዋቂ ላባዎች ስብስብ እንጂ የዶሮ እንዳልሆነ ተናግረዋል።	ተመራማሪዎች ይህ የልጅ ዳይኖሰር ጭራ ቢሆንም ናሙናው የአዋቂ ላባዎች ስብስብ እንጂ የዶሮ እንዳልሆነ ተናግረዋል	ተ መ ራ ማ ሪ ዎ ች | ይ ህ | የ ል ጅ | ዳ ይ ኖ ሰ ር | ጭ ራ | ቢ ሆ ን ም | ና ሙ ና ው | የ አ ዋ ቂ | ላ ባ ዎ ች | ስ ብ ስ ብ | እ ን ጂ | የ ዶ ሮ | እ ን ዳ ል ሆ ነ | ተ ና ግ ረ ዋ ል |	152640	FEMALE
1622	5648880468560921429.wav	የዩኤስ ፕሬዚደንት ጆርጅ ደብሊው ቡሽ መግለጫውን ተቀብሏል።	የዩኤስ ፕሬዚደንት ጆርጅ ደብሊው ቡሽ መግለጫውን ተቀብሏል	የ ዩ ኤ ስ | ፕ ሬ ዚ ደ ን ት | ጆ ር ጅ | ደ ብ ሊ ው | ቡ ሽ | መ ግ ለ ጫ ው ን | ተ ቀ ብ ሏ ል |	96000	FEMALE
1622	8405274808059815500.wav	የዩኤስ ፕሬዚደንት ጆርጅ ደብሊው ቡሽ መግለጫውን ተቀብሏል።	የዩኤስ ፕሬዚደንት ጆርጅ ደብሊው ቡሽ መግለጫውን ተቀብሏል	የ ዩ ኤ ስ | ፕ ሬ ዚ ደ ን ት | ጆ ር ጅ | ደ ብ ሊ ው | ቡ ሽ | መ ግ ለ ጫ ው ን | ተ ቀ ብ ሏ ል |	104640	FEMALE
1622	498805036861599947.wav	የዩኤስ ፕሬዚደንት ጆርጅ ደብሊው ቡሽ መግለጫውን ተቀብሏል።	የዩኤስ ፕሬዚደንት ጆርጅ ደብሊው ቡሽ መግለጫውን ተቀብሏል	የ ዩ ኤ ስ | ፕ ሬ ዚ ደ ን ት | ጆ ር ጅ | ደ ብ ሊ ው | ቡ ሽ | መ ግ ለ ጫ ው ን | ተ ቀ ብ ሏ ል |	101760	FEMALE
1542	10223108864913993050.wav	የቡሽ ቃል አቀባይ ጎርደን ጆንድሮ የሰሜን ኮሪያን ቃል “የኮሪያ ባሕረ ሰላጤን እርግጠኛ የሆነ ከኒውክሊየር የማጽዳት ግብን ለማሳካት ትልቅ እርምጃ ነው” ብለዋል፡፡	የቡሽ ቃል አቀባይ ጎርደን ጆንድሮ የሰሜን ኮሪያን ቃል የኮሪያ ባሕረ ሰላጤን እርግጠኛ የሆነ ከኒውክሊየር የማጽዳት ግብን ለማሳካት ትልቅ እርምጃ ነው ብለዋል	የ ቡ ሽ | ቃ ል | አ ቀ ባ ይ | ጎ ር ደ ን | ጆ ን ድ ሮ | የ ሰ ሜ ን | ኮ ሪ ያ ን | ቃ ል | የ ኮ ሪ ያ | ባ ሕ ረ | ሰ ላ ጤ ን | እ ር ግ ጠ ኛ | የ ሆ ነ | ከ ኒ ው ክ ሊ የ ር | የ ማ ጽ ዳ ት | ግ ብ ን | ለ ማ ሳ ካ ት | ት ል ቅ | እ ር ም ጃ | ነ ው | ብ ለ ዋ ል |	220800	FEMALE
1542	10743988386436288722.wav	የቡሽ ቃል አቀባይ ጎርደን ጆንድሮ የሰሜን ኮሪያን ቃል “የኮሪያ ባሕረ ሰላጤን እርግጠኛ የሆነ ከኒውክሊየር የማጽዳት ግብን ለማሳካት ትልቅ እርምጃ ነው” ብለዋል፡፡	የቡሽ ቃል አቀባይ ጎርደን ጆንድሮ የሰሜን ኮሪያን ቃል የኮሪያ ባሕረ ሰላጤን እርግጠኛ የሆነ ከኒውክሊየር የማጽዳት ግብን ለማሳካት ትልቅ እርምጃ ነው ብለዋል	የ ቡ ሽ | ቃ ል | አ ቀ ባ ይ | ጎ ር ደ ን | ጆ ን ድ ሮ | የ ሰ ሜ ን | ኮ ሪ ያ ን | ቃ ል | የ ኮ ሪ ያ | ባ ሕ ረ | ሰ ላ ጤ ን | እ ር ግ ጠ ኛ | የ ሆ ነ | ከ ኒ ው ክ ሊ የ ር | የ ማ ጽ ዳ ት | ግ ብ ን | ለ ማ ሳ ካ ት | ት ል ቅ | እ ር ም ጃ | ነ ው | ብ ለ ዋ ል |	226560	FEMALE
1523	13587317661345540353.wav	የኦል ብላክ የ15 ጨዋታ በማሸነፍ የሚያጠናቅቅበት የመጨረሻ ውጤት አንድ ነጥብ ነበር ፤ 21 ለ 20 ፡፡	የኦል ብላክ የ15 ጨዋታ በማሸነፍ የሚያጠናቅቅበት የመጨረሻ ውጤት አንድ ነጥብ ነበር ፤ 21 ለ 20 ፡፡	የ ኦ ል | ብ ላ ክ | የ 1 5 | ጨ ዋ ታ | በ ማ ሸ ነ ፍ | የ ሚ ያ ጠ ና ቅ ቅ በ ት | የ መ ጨ ረ ሻ | ው ጤ ት | አ ን ድ | ነ ጥ ብ | ነ በ ር | ፤ | 2 1 | ለ | 2 0 | ፡ ፡ |	172800	FEMALE
1603	10100084691844758967.wav	በኢራን ውስጥ የአየር አደጋዎች የተለመዱ ናቸው፣ ለውትድርናም ለህዝብም ክንዋኔዎች በመጥፎ ሁኔታ የተያዙ ያረጁ መርከቦች አሉት።	በኢራን ውስጥ የአየር አደጋዎች የተለመዱ ናቸው ለውትድርናም ለህዝብም ክንዋኔዎች በመጥፎ ሁኔታ የተያዙ ያረጁ መርከቦች አሉት	በ ኢ ራ ን | ው ስ ጥ | የ አ የ ር | አ ደ ጋ ዎ ች | የ ተ ለ መ ዱ | ና ቸ ው | ለ ው ት ድ ር ና ም | ለ ህ ዝ ብ ም | ክ ን ዋ ኔ ዎ ች | በ መ ጥ ፎ | ሁ ኔ ታ | የ ተ ያ ዙ | ያ ረ ጁ | መ ር ከ ቦ ች | አ ሉ ት |	193920	FEMALE
1527	13858245156433695585.wav	ማየት የተሳናቸው የፖላንድ ወንዶች የበረዶ ተንሸራታች ማኪጅ ክረዝል እና መሪው ኣና ኦጋርዝይንስካ ሱፐር-ጂ ላይ ዐሥራ ሦስተኛ ሆነው አጠናቀዋል። የሳውዝ ኮሪያው ሰኦርክ ፓርክ በወንዶች መቀመጫ ሱፐር-ጂ ሃያ አራተኛ ሆኖ አጠናቋል	ማየት የተሳናቸው የፖላንድ ወንዶች የበረዶ ተንሸራታች ማኪጅ ክረዝል እና መሪው ኣና ኦጋርዝይንስካ ሱፐር-ጂ ላይ ዐሥራ ሦስተኛ ሆነው አጠናቀዋል የሳውዝ ኮሪያው ሰኦርክ ፓርክ በወንዶች መቀመጫ ሱፐር-ጂ ሃያ አራተኛ ሆኖ አጠናቋል	ማ የ ት | የ ተ ሳ ና ቸ ው | የ ፖ ላ ን ድ | ወ ን ዶ ች | የ በ ረ ዶ | ተ ን ሸ ራ ታ ች | ማ ኪ ጅ | ክ ረ ዝ ል | እ ና | መ ሪ ው | ኣ ና | ኦ ጋ ር ዝ ይ ን ስ ካ | ሱ ፐ ር - ጂ | ላ ይ | ዐ ሥ ራ | ሦ ስ ተ ኛ | ሆ ነ ው | አ ጠ ና ቀ ዋ ል | የ ሳ ው ዝ | ኮ ሪ ያ ው | ሰ ኦ ር ክ | ፓ ር ክ | በ ወ ን ዶ ች | መ ቀ መ ጫ | ሱ ፐ ር - ጂ | ሃ ያ | አ ራ ተ ኛ | ሆ ኖ | አ ጠ ና ቋ ል |	340800	FEMALE
1512	14154617967082609647.wav	ይህ አዲስ አከባቢ የተለያዩ ሀብቶች እና የተለያዩ ተፎካካሪዎች አሉት፣ ስለሆነም አዲሱ ዝርያ ከዚህ በፊት ከሚያስፈልገው በላይ ጠንካራ ተፎካካሪ ለመሆን የተለያዩ ባህሪያትን ወይም ማስተካከያዎችን ይፈልጋል።	ይህ አዲስ አከባቢ የተለያዩ ሀብቶች እና የተለያዩ ተፎካካሪዎች አሉት ስለሆነም አዲሱ ዝርያ ከዚህ በፊት ከሚያስፈልገው በላይ ጠንካራ ተፎካካሪ ለመሆን የተለያዩ ባህሪያትን ወይም ማስተካከያዎችን ይፈልጋል	ይ ህ | አ ዲ ስ | አ ከ ባ ቢ | የ ተ ለ ያ ዩ | ሀ ብ ቶ ች | እ ና | የ ተ ለ ያ ዩ | ተ ፎ ካ ካ ሪ ዎ ች | አ ሉ ት | ስ ለ ሆ ነ ም | አ ዲ ሱ | ዝ ር ያ | ከ ዚ ህ | በ ፊ ት | ከ ሚ ያ ስ ፈ ል ገ ው | በ ላ ይ | ጠ ን ካ ራ | ተ ፎ ካ ካ ሪ | ለ መ ሆ ን | የ ተ ለ ያ ዩ | ባ ህ ሪ ያ ት ን | ወ ይ ም | ማ ስ ተ ካ ከ ያ ዎ ች ን | ይ ፈ ል ጋ ል |	264960	FEMALE
1512	13435547275115311957.wav	ይህ አዲስ አከባቢ የተለያዩ ሀብቶች እና የተለያዩ ተፎካካሪዎች አሉት፣ ስለሆነም አዲሱ ዝርያ ከዚህ በፊት ከሚያስፈልገው በላይ ጠንካራ ተፎካካሪ ለመሆን የተለያዩ ባህሪያትን ወይም ማስተካከያዎችን ይፈልጋል።	ይህ አዲስ አከባቢ የተለያዩ ሀብቶች እና የተለያዩ ተፎካካሪዎች አሉት ስለሆነም አዲሱ ዝርያ ከዚህ በፊት ከሚያስፈልገው በላይ ጠንካራ ተፎካካሪ ለመሆን የተለያዩ ባህሪያትን ወይም ማስተካከያዎችን ይፈልጋል	ይ ህ | አ ዲ ስ | አ ከ ባ ቢ | የ ተ ለ ያ ዩ | ሀ ብ ቶ ች | እ ና | የ ተ ለ ያ ዩ | ተ ፎ ካ ካ ሪ ዎ ች | አ ሉ ት | ስ ለ ሆ ነ ም | አ ዲ ሱ | ዝ ር ያ | ከ ዚ ህ | በ ፊ ት | ከ ሚ ያ ስ ፈ ል ገ ው | በ ላ ይ | ጠ ን ካ ራ | ተ ፎ ካ ካ ሪ | ለ መ ሆ ን | የ ተ ለ ያ ዩ | ባ ህ ሪ ያ ት ን | ወ ይ ም | ማ ስ ተ ካ ከ ያ ዎ ች ን | ይ ፈ ል ጋ ል |	257280	FEMALE
1512	17325511627416947492.wav	ይህ አዲስ አከባቢ የተለያዩ ሀብቶች እና የተለያዩ ተፎካካሪዎች አሉት፣ ስለሆነም አዲሱ ዝርያ ከዚህ በፊት ከሚያስፈልገው በላይ ጠንካራ ተፎካካሪ ለመሆን የተለያዩ ባህሪያትን ወይም ማስተካከያዎችን ይፈልጋል።	ይህ አዲስ አከባቢ የተለያዩ ሀብቶች እና የተለያዩ ተፎካካሪዎች አሉት ስለሆነም አዲሱ ዝርያ ከዚህ በፊት ከሚያስፈልገው በላይ ጠንካራ ተፎካካሪ ለመሆን የተለያዩ ባህሪያትን ወይም ማስተካከያዎችን ይፈልጋል	ይ ህ | አ ዲ ስ | አ ከ ባ ቢ | የ ተ ለ ያ ዩ | ሀ ብ ቶ ች | እ ና | የ ተ ለ ያ ዩ | ተ ፎ ካ ካ ሪ ዎ ች | አ ሉ ት | ስ ለ ሆ ነ ም | አ ዲ ሱ | ዝ ር ያ | ከ ዚ ህ | በ ፊ ት | ከ ሚ ያ ስ ፈ ል ገ ው | በ ላ ይ | ጠ ን ካ ራ | ተ ፎ ካ ካ ሪ | ለ መ ሆ ን | የ ተ ለ ያ ዩ | ባ ህ ሪ ያ ት ን | ወ ይ ም | ማ ስ ተ ካ ከ ያ ዎ ች ን | ይ ፈ ል ጋ ል |	287040	FEMALE
1609	18157262313943856495.wav	ሮቢን ኡታፓ፣ በ41 ኳሶች በ11 ፎሮች እና በ 2 ሲክሶችን በመምታት፣ የኢኒንጉን ከፍተኛ ውጤት 70 ሩጫዎችን አስመዘገበ።	ሮቢን ኡታፓ በ41 ኳሶች በ11 ፎሮች እና በ 2 ሲክሶችን በመምታት የኢኒንጉን ከፍተኛ ውጤት 70 ሩጫዎችን አስመዘገበ	ሮ ቢ ን | ኡ ታ ፓ | በ 4 1 | ኳ ሶ ች | በ 1 1 | ፎ ሮ ች | እ ና | በ | 2 | ሲ ክ ሶ ች ን | በ መ ም ታ ት | የ ኢ ኒ ን ጉ ን | ከ ፍ ተ ኛ | ው ጤ ት | 7 0 | ሩ ጫ ዎ ች ን | አ ስ መ ዘ ገ በ |	180480	FEMALE
1609	12920910610604109231.wav	ሮቢን ኡታፓ፣ በ41 ኳሶች በ11 ፎሮች እና በ 2 ሲክሶችን በመምታት፣ የኢኒንጉን ከፍተኛ ውጤት 70 ሩጫዎችን አስመዘገበ።	ሮቢን ኡታፓ በ41 ኳሶች በ11 ፎሮች እና በ 2 ሲክሶችን በመምታት የኢኒንጉን ከፍተኛ ውጤት 70 ሩጫዎችን አስመዘገበ	ሮ ቢ ን | ኡ ታ ፓ | በ 4 1 | ኳ ሶ ች | በ 1 1 | ፎ ሮ ች | እ ና | በ | 2 | ሲ ክ ሶ ች ን | በ መ ም ታ ት | የ ኢ ኒ ን ጉ ን | ከ ፍ ተ ኛ | ው ጤ ት | 7 0 | ሩ ጫ ዎ ች ን | አ ስ መ ዘ ገ በ |	184320	FEMALE
1611	11126643152356692849.wav	. የዚህ እንሰሳ የላባ ቀለም ደማቅ ቡናማ ከላይ እና ነጣ ወይም ብርትኳናማ ካታች ነው ብለዋል ተመራማሪዎች።	. የዚህ እንሰሳ የላባ ቀለም ደማቅ ቡናማ ከላይ እና ነጣ ወይም ብርትኳናማ ካታች ነው ብለዋል ተመራማሪዎች	. | የ ዚ ህ | እ ን ሰ ሳ | የ ላ ባ | ቀ ለ ም | ደ ማ ቅ | ቡ ና ማ | ከ ላ ይ | እ ና | ነ ጣ | ወ ይ ም | ብ ር ት ኳ ና ማ | ካ ታ ች | ነ ው | ብ ለ ዋ ል | ተ መ ራ ማ ሪ ዎ ች |	160320	FEMALE
1556	17383540842043932725.wav	1000ኛው እትሙ በ2000 ላይ ያሳታተመው አስገራሚው «ግሬት ዲድስ ባይ ስዊድሽ ኪንግስ» በዴቪድ ክሎከር አህረንስትራል ነው፣ በዓለም አቀፍ የድንቃድንቅ መዝገብ ላይ ተጠቅሷል።	1000ኛው እትሙ በ2000 ላይ ያሳታተመው አስገራሚው «ግሬት ዲድስ ባይ ስዊድሽ ኪንግስ» በዴቪድ ክሎከር አህረንስትራል ነው፣ በዓለም አቀፍ የድንቃድንቅ መዝገብ ላይ ተጠቅሷል	1 0 0 0 ኛ ው | እ ት ሙ | በ 2 0 0 0 | ላ ይ | ያ ሳ ታ ተ መ ው | አ ስ ገ ራ ሚ ው | « ግ ሬ ት | ዲ ድ ስ | ባ ይ | ስ ዊ ድ ሽ | ኪ ን ግ ስ » | በ ዴ ቪ ድ | ክ ሎ ከ ር | አ ህ ረ ን ስ ት ራ ል | ነ ው ፣ | በ ዓ ለ ም | አ ቀ ፍ | የ ድ ን ቃ ድ ን ቅ | መ ዝ ገ ብ | ላ ይ | ተ ጠ ቅ ሷ ል |	216960	FEMALE
1590	14503036546362387801.wav	ዋናው የሀገር ውስጥ ቢራ 'ቁጥር አንድ' ነው፣ ውስብስብ ቢራ ሳይሆን፣ አስደሳች እና አርኪ ነው። ሌላው የሀገር ውስጥ ቢራ "ማንታ" ይባላል።	ዋናው የሀገር ውስጥ ቢራ ቁጥር አንድ ነው ውስብስብ ቢራ ሳይሆን አስደሳች እና አርኪ ነው ሌላው የሀገር ውስጥ ቢራ ማንታ ይባላል	ዋ ና ው | የ ሀ ገ ር | ው ስ ጥ | ቢ ራ | ቁ ጥ ር | አ ን ድ | ነ ው | ው ስ ብ ስ ብ | ቢ ራ | ሳ ይ ሆ ን | አ ስ ደ ሳ ች | እ ና | አ ር ኪ | ነ ው | ሌ ላ ው | የ ሀ ገ ር | ው ስ ጥ | ቢ ራ | ማ ን ታ | ይ ባ ላ ል |	167040	FEMALE
1590	16548755166253134651.wav	ዋናው የሀገር ውስጥ ቢራ 'ቁጥር አንድ' ነው፣ ውስብስብ ቢራ ሳይሆን፣ አስደሳች እና አርኪ ነው። ሌላው የሀገር ውስጥ ቢራ "ማንታ" ይባላል።	ዋናው የሀገር ውስጥ ቢራ ቁጥር አንድ ነው ውስብስብ ቢራ ሳይሆን አስደሳች እና አርኪ ነው ሌላው የሀገር ውስጥ ቢራ ማንታ ይባላል	ዋ ና ው | የ ሀ ገ ር | ው ስ ጥ | ቢ ራ | ቁ ጥ ር | አ ን ድ | ነ ው | ው ስ ብ ስ ብ | ቢ ራ | ሳ ይ ሆ ን | አ ስ ደ ሳ ች | እ ና | አ ር ኪ | ነ ው | ሌ ላ ው | የ ሀ ገ ር | ው ስ ጥ | ቢ ራ | ማ ን ታ | ይ ባ ላ ል |	186240	FEMALE
1531	7763763871885928193.wav	የምስራቅ አፍሪካ ደሴቶች ከአፍሪካ ምሥራቃዊ የባሕር ዳርቻ በሕንድ ውቅያኖስ ውስጥ ይገኛሉ።	የምስራቅ አፍሪካ ደሴቶች ከአፍሪካ ምሥራቃዊ የባሕር ዳርቻ በሕንድ ውቅያኖስ ውስጥ ይገኛሉ	የ ም ስ ራ ቅ | አ ፍ ሪ ካ | ደ ሴ ቶ ች | ከ አ ፍ ሪ ካ | ም ሥ ራ ቃ ዊ | የ ባ ሕ ር | ዳ ር ቻ | በ ሕ ን ድ | ው ቅ ያ ኖ ስ | ው ስ ጥ | ይ ገ ኛ ሉ |	114240	FEMALE
1531	14618448243963611212.wav	የምስራቅ አፍሪካ ደሴቶች ከአፍሪካ ምሥራቃዊ የባሕር ዳርቻ በሕንድ ውቅያኖስ ውስጥ ይገኛሉ።	የምስራቅ አፍሪካ ደሴቶች ከአፍሪካ ምሥራቃዊ የባሕር ዳርቻ በሕንድ ውቅያኖስ ውስጥ ይገኛሉ	የ ም ስ ራ ቅ | አ ፍ ሪ ካ | ደ ሴ ቶ ች | ከ አ ፍ ሪ ካ | ም ሥ ራ ቃ ዊ | የ ባ ሕ ር | ዳ ር ቻ | በ ሕ ን ድ | ው ቅ ያ ኖ ስ | ው ስ ጥ | ይ ገ ኛ ሉ |	89280	FEMALE
1531	10262973297634071414.wav	የምስራቅ አፍሪካ ደሴቶች ከአፍሪካ ምሥራቃዊ የባሕር ዳርቻ በሕንድ ውቅያኖስ ውስጥ ይገኛሉ።	የምስራቅ አፍሪካ ደሴቶች ከአፍሪካ ምሥራቃዊ የባሕር ዳርቻ በሕንድ ውቅያኖስ ውስጥ ይገኛሉ	የ ም ስ ራ ቅ | አ ፍ ሪ ካ | ደ ሴ ቶ ች | ከ አ ፍ ሪ ካ | ም ሥ ራ ቃ ዊ | የ ባ ሕ ር | ዳ ር ቻ | በ ሕ ን ድ | ው ቅ ያ ኖ ስ | ው ስ ጥ | ይ ገ ኛ ሉ |	122880	FEMALE
1601	11228796986521361912.wav	የሳይንስ ሊቃውንት ኦሴሎትስ/የበረሃ ድመቶች በምድር ላይ ለነበሩበት ቦታ እየነፉ በማሽተት የሚመገቡትን (እንስሳትን) እንስሳት ተከትለው ያገኛሉ።	የሳይንስ ሊቃውንት ኦሴሎትስ/የበረሃ ድመቶች በምድር ላይ ለነበሩበት ቦታ እየነፉ በማሽተት የሚመገቡትን እንስሳትን እንስሳት ተከትለው ያገኛሉ	የ ሳ ይ ን ስ | ሊ ቃ ው ን ት | ኦ ሴ ሎ ት ስ / የ በ ረ ሃ | ድ መ ቶ ች | በ ም ድ ር | ላ ይ | ለ ነ በ ሩ በ ት | ቦ ታ | እ የ ነ ፉ | በ ማ ሽ ተ ት | የ ሚ መ ገ ቡ ት ን | እ ን ስ ሳ ት ን | እ ን ስ ሳ ት | ተ ከ ት ለ ው | ያ ገ ኛ ሉ |	222720	FEMALE
1629	6681482295854461262.wav	አንዳንድ ዘገባዎች ይፋዊውን የሞት ብዛትን ስምንት ያደረጉ ሲሆን ይፋዊው ሪፖርቶች እስከ 30 የሚደርሱ ሰዎች እንደቆሰሉ አረጋግጠዋል፡፡ ግን የመጨረሻ ቁጥሮች ገና አልታወቁም።	አንዳንድ ዘገባዎች ይፋዊውን የሞት ብዛትን ስምንት ያደረጉ ሲሆን ይፋዊው ሪፖርቶች እስከ 30 የሚደርሱ ሰዎች እንደቆሰሉ አረጋግጠዋል ግን የመጨረሻ ቁጥሮች ገና አልታወቁም	አ ን ዳ ን ድ | ዘ ገ ባ ዎ ች | ይ ፋ ዊ ው ን | የ ሞ ት | ብ ዛ ት ን | ስ ም ን ት | ያ ደ ረ ጉ | ሲ ሆ ን | ይ ፋ ዊ ው | ሪ ፖ ር ቶ ች | እ ስ ከ | 3 0 | የ ሚ ደ ር ሱ | ሰ ዎ ች | እ ን ደ ቆ ሰ ሉ | አ ረ ጋ ግ ጠ ዋ ል | ግ ን | የ መ ጨ ረ ሻ | ቁ ጥ ሮ ች | ገ ና | አ ል ታ ወ ቁ ም |	241920	FEMALE
1657	5827604121460248639.wav	ቢሆንም ማንኛውም ማሻሻያዎች ወይም ጥያቄዎች በቀጥታ በሆቴሉ ሳይሆን በጉዞ ወኪሉ ሊካሄዱ ይገባል።	ቢሆንም ማንኛውም ማሻሻያዎች ወይም ጥያቄዎች በቀጥታ በሆቴሉ ሳይሆን በጉዞ ወኪሉ ሊካሄዱ ይገባል	ቢ ሆ ን ም | ማ ን ኛ ው ም | ማ ሻ ሻ ያ ዎ ች | ወ ይ ም | ጥ ያ ቄ ዎ ች | በ ቀ ጥ ታ | በ ሆ ቴ ሉ | ሳ ይ ሆ ን | በ ጉ ዞ | ወ ኪ ሉ | ሊ ካ ሄ ዱ | ይ ገ ባ ል |	174720	FEMALE
1619	10136816851073052727.wav	ነገር ግን ፣ ብዙ ምልክቶች በካታላን ብቻ ይመለከታሉ፤ ምክንያቱም በህግ የተመሰረተ የመጀመሪያው የይፋ ቋንቋ ነው።	ነገር ግን ፣ ብዙ ምልክቶች በካታላን ብቻ ይመለከታሉ፤ ምክንያቱም በህግ የተመሰረተ የመጀመሪያው የይፋ ቋንቋ ነው	ነ ገ ር | ግ ን | ፣ | ብ ዙ | ም ል ክ ቶ ች | በ ካ ታ ላ ን | ብ ቻ | ይ መ ለ ከ ታ ሉ ፤ | ም ክ ን ያ ቱ ም | በ ህ ግ | የ ተ መ ሰ ረ ተ | የ መ ጀ መ ሪ ያ ው | የ ይ ፋ | ቋ ን ቋ | ነ ው |	195840	FEMALE
1619	2919517032899807451.wav	ነገር ግን ፣ ብዙ ምልክቶች በካታላን ብቻ ይመለከታሉ፤ ምክንያቱም በህግ የተመሰረተ የመጀመሪያው የይፋ ቋንቋ ነው።	ነገር ግን ፣ ብዙ ምልክቶች በካታላን ብቻ ይመለከታሉ፤ ምክንያቱም በህግ የተመሰረተ የመጀመሪያው የይፋ ቋንቋ ነው	ነ ገ ር | ግ ን | ፣ | ብ ዙ | ም ል ክ ቶ ች | በ ካ ታ ላ ን | ብ ቻ | ይ መ ለ ከ ታ ሉ ፤ | ም ክ ን ያ ቱ ም | በ ህ ግ | የ ተ መ ሰ ረ ተ | የ መ ጀ መ ሪ ያ ው | የ ይ ፋ | ቋ ን ቋ | ነ ው |	158400	FEMALE
1619	18235902151072988992.wav	ነገር ግን ፣ ብዙ ምልክቶች በካታላን ብቻ ይመለከታሉ፤ ምክንያቱም በህግ የተመሰረተ የመጀመሪያው የይፋ ቋንቋ ነው።	ነገር ግን ፣ ብዙ ምልክቶች በካታላን ብቻ ይመለከታሉ፤ ምክንያቱም በህግ የተመሰረተ የመጀመሪያው የይፋ ቋንቋ ነው	ነ ገ ር | ግ ን | ፣ | ብ ዙ | ም ል ክ ቶ ች | በ ካ ታ ላ ን | ብ ቻ | ይ መ ለ ከ ታ ሉ ፤ | ም ክ ን ያ ቱ ም | በ ህ ግ | የ ተ መ ሰ ረ ተ | የ መ ጀ መ ሪ ያ ው | የ ይ ፋ | ቋ ን ቋ | ነ ው |	136320	FEMALE
1553	7448370479041987985.wav	የገና በዓል በጣም ጠቃሚ ከሆኑት የክርስትና በዓላት አንዱ ሲሆን የኢየሱስ ልደት ተብሎ ይከበራል።	የገና በዓል በጣም ጠቃሚ ከሆኑት የክርስትና በዓላት አንዱ ሲሆን የኢየሱስ ልደት ተብሎ ይከበራል	የ ገ ና | በ ዓ ል | በ ጣ ም | ጠ ቃ ሚ | ከ ሆ ኑ ት | የ ክ ር ስ ት ና | በ ዓ ላ ት | አ ን ዱ | ሲ ሆ ን | የ ኢ የ ሱ ስ | ል ደ ት | ተ ብ ሎ | ይ ከ በ ራ ል |	132480	FEMALE
1553	12941177092996536003.wav	የገና በዓል በጣም ጠቃሚ ከሆኑት የክርስትና በዓላት አንዱ ሲሆን የኢየሱስ ልደት ተብሎ ይከበራል።	የገና በዓል በጣም ጠቃሚ ከሆኑት የክርስትና በዓላት አንዱ ሲሆን የኢየሱስ ልደት ተብሎ ይከበራል	የ ገ ና | በ ዓ ል | በ ጣ ም | ጠ ቃ ሚ | ከ ሆ ኑ ት | የ ክ ር ስ ት ና | በ ዓ ላ ት | አ ን ዱ | ሲ ሆ ን | የ ኢ የ ሱ ስ | ል ደ ት | ተ ብ ሎ | ይ ከ በ ራ ል |	121920	FEMALE
1553	8950885429648582162.wav	የገና በዓል በጣም ጠቃሚ ከሆኑት የክርስትና በዓላት አንዱ ሲሆን የኢየሱስ ልደት ተብሎ ይከበራል።	የገና በዓል በጣም ጠቃሚ ከሆኑት የክርስትና በዓላት አንዱ ሲሆን የኢየሱስ ልደት ተብሎ ይከበራል	የ ገ ና | በ ዓ ል | በ ጣ ም | ጠ ቃ ሚ | ከ ሆ ኑ ት | የ ክ ር ስ ት ና | በ ዓ ላ ት | አ ን ዱ | ሲ ሆ ን | የ ኢ የ ሱ ስ | ል ደ ት | ተ ብ ሎ | ይ ከ በ ራ ል |	120000	FEMALE
1545	9375913608873732176.wav	በቅመማ ቅመም የተቆላ ምግብ በፈሳሹ መጠን መሰረት “ደረቅ” ወይም “እርጥብ” ሊሆን ይችላል።	በቅመማ ቅመም የተቆላ ምግብ በፈሳሹ መጠን መሰረት ደረቅ ወይም እርጥብ ሊሆን ይችላል	በ ቅ መ ማ | ቅ መ ም | የ ተ ቆ ላ | ም ግ ብ | በ ፈ ሳ ሹ | መ ጠ ን | መ ሰ ረ ት | ደ ረ ቅ | ወ ይ ም | እ ር ጥ ብ | ሊ ሆ ን | ይ ች ላ ል |	145920	FEMALE
1545	12894686467953714614.wav	በቅመማ ቅመም የተቆላ ምግብ በፈሳሹ መጠን መሰረት “ደረቅ” ወይም “እርጥብ” ሊሆን ይችላል።	በቅመማ ቅመም የተቆላ ምግብ በፈሳሹ መጠን መሰረት ደረቅ ወይም እርጥብ ሊሆን ይችላል	በ ቅ መ ማ | ቅ መ ም | የ ተ ቆ ላ | ም ግ ብ | በ ፈ ሳ ሹ | መ ጠ ን | መ ሰ ረ ት | ደ ረ ቅ | ወ ይ ም | እ ር ጥ ብ | ሊ ሆ ን | ይ ች ላ ል |	107520	FEMALE
1613	15478740839972122439.wav	ቀጣይ፣ አንዳንድ ኮርቻዎች፣ በተለይ የእንግሊዝ ኮርቻዎች፣ ሊወድቅ ባለ ጋላቢ ወደኋላ ሲሳብ የእርካብ ቆዳ ከኮርቻው ላይ እንዲወርድ የሚያስችሉ መከላከያ ዘንጎች አሏቸው።	ቀጣይ አንዳንድ ኮርቻዎች በተለይ የእንግሊዝ ኮርቻዎች ሊወድቅ ባለ ጋላቢ ወደኋላ ሲሳብ የእርካብ ቆዳ ከኮርቻው ላይ እንዲወርድ የሚያስችሉ መከላከያ ዘንጎች አሏቸው	ቀ ጣ ይ | አ ን ዳ ን ድ | ኮ ር ቻ ዎ ች | በ ተ ለ ይ | የ እ ን ግ ሊ ዝ | ኮ ር ቻ ዎ ች | ሊ ወ ድ ቅ | ባ ለ | ጋ ላ ቢ | ወ ደ ኋ ላ | ሲ ሳ ብ | የ እ ር ካ ብ | ቆ ዳ | ከ ኮ ር ቻ ው | ላ ይ | እ ን ዲ ወ ር ድ | የ ሚ ያ ስ ች ሉ | መ ከ ላ ከ ያ | ዘ ን ጎ ች | አ ሏ ቸ ው |	229440	FEMALE
1613	9341336517999274038.wav	ቀጣይ፣ አንዳንድ ኮርቻዎች፣ በተለይ የእንግሊዝ ኮርቻዎች፣ ሊወድቅ ባለ ጋላቢ ወደኋላ ሲሳብ የእርካብ ቆዳ ከኮርቻው ላይ እንዲወርድ የሚያስችሉ መከላከያ ዘንጎች አሏቸው።	ቀጣይ አንዳንድ ኮርቻዎች በተለይ የእንግሊዝ ኮርቻዎች ሊወድቅ ባለ ጋላቢ ወደኋላ ሲሳብ የእርካብ ቆዳ ከኮርቻው ላይ እንዲወርድ የሚያስችሉ መከላከያ ዘንጎች አሏቸው	ቀ ጣ ይ | አ ን ዳ ን ድ | ኮ ር ቻ ዎ ች | በ ተ ለ ይ | የ እ ን ግ ሊ ዝ | ኮ ር ቻ ዎ ች | ሊ ወ ድ ቅ | ባ ለ | ጋ ላ ቢ | ወ ደ ኋ ላ | ሲ ሳ ብ | የ እ ር ካ ብ | ቆ ዳ | ከ ኮ ር ቻ ው | ላ ይ | እ ን ዲ ወ ር ድ | የ ሚ ያ ስ ች ሉ | መ ከ ላ ከ ያ | ዘ ን ጎ ች | አ ሏ ቸ ው |	189120	FEMALE
1613	6004723047558896202.wav	ቀጣይ፣ አንዳንድ ኮርቻዎች፣ በተለይ የእንግሊዝ ኮርቻዎች፣ ሊወድቅ ባለ ጋላቢ ወደኋላ ሲሳብ የእርካብ ቆዳ ከኮርቻው ላይ እንዲወርድ የሚያስችሉ መከላከያ ዘንጎች አሏቸው።	ቀጣይ አንዳንድ ኮርቻዎች በተለይ የእንግሊዝ ኮርቻዎች ሊወድቅ ባለ ጋላቢ ወደኋላ ሲሳብ የእርካብ ቆዳ ከኮርቻው ላይ እንዲወርድ የሚያስችሉ መከላከያ ዘንጎች አሏቸው	ቀ ጣ ይ | አ ን ዳ ን ድ | ኮ ር ቻ ዎ ች | በ ተ ለ ይ | የ እ ን ግ ሊ ዝ | ኮ ር ቻ ዎ ች | ሊ ወ ድ ቅ | ባ ለ | ጋ ላ ቢ | ወ ደ ኋ ላ | ሲ ሳ ብ | የ እ ር ካ ብ | ቆ ዳ | ከ ኮ ር ቻ ው | ላ ይ | እ ን ዲ ወ ር ድ | የ ሚ ያ ስ ች ሉ | መ ከ ላ ከ ያ | ዘ ን ጎ ች | አ ሏ ቸ ው |	240000	FEMALE
1565	1889699196006090267.wav	የሳይንስ ዋና ግብ ዓለም በሳይንሳዊ ዘዴ አማካኝነት የምትሰራበትን መንገድ ማወቅ ነው። ይህ ዘዴ በእውነቱ በጣም ሳይንሳዊ ምርምርን ይመራል።	የሳይንስ ዋና ግብ ዓለም በሳይንሳዊ ዘዴ አማካኝነት የምትሰራበትን መንገድ ማወቅ ነው ይህ ዘዴ በእውነቱ በጣም ሳይንሳዊ ምርምርን ይመራል	የ ሳ ይ ን ስ | ዋ ና | ግ ብ | ዓ ለ ም | በ ሳ ይ ን ሳ ዊ | ዘ ዴ | አ ማ ካ ኝ ነ ት | የ ም ት ሰ ራ በ ት ን | መ ን ገ ድ | ማ ወ ቅ | ነ ው | ይ ህ | ዘ ዴ | በ እ ው ነ ቱ | በ ጣ ም | ሳ ይ ን ሳ ዊ | ም ር ም ር ን | ይ መ ራ ል |	179520	FEMALE
1565	14612940974816316894.wav	የሳይንስ ዋና ግብ ዓለም በሳይንሳዊ ዘዴ አማካኝነት የምትሰራበትን መንገድ ማወቅ ነው። ይህ ዘዴ በእውነቱ በጣም ሳይንሳዊ ምርምርን ይመራል።	የሳይንስ ዋና ግብ ዓለም በሳይንሳዊ ዘዴ አማካኝነት የምትሰራበትን መንገድ ማወቅ ነው ይህ ዘዴ በእውነቱ በጣም ሳይንሳዊ ምርምርን ይመራል	የ ሳ ይ ን ስ | ዋ ና | ግ ብ | ዓ ለ ም | በ ሳ ይ ን ሳ ዊ | ዘ ዴ | አ ማ ካ ኝ ነ ት | የ ም ት ሰ ራ በ ት ን | መ ን ገ ድ | ማ ወ ቅ | ነ ው | ይ ህ | ዘ ዴ | በ እ ው ነ ቱ | በ ጣ ም | ሳ ይ ን ሳ ዊ | ም ር ም ር ን | ይ መ ራ ል |	186240	FEMALE
1565	6021844038013774010.wav	የሳይንስ ዋና ግብ ዓለም በሳይንሳዊ ዘዴ አማካኝነት የምትሰራበትን መንገድ ማወቅ ነው። ይህ ዘዴ በእውነቱ በጣም ሳይንሳዊ ምርምርን ይመራል።	የሳይንስ ዋና ግብ ዓለም በሳይንሳዊ ዘዴ አማካኝነት የምትሰራበትን መንገድ ማወቅ ነው ይህ ዘዴ በእውነቱ በጣም ሳይንሳዊ ምርምርን ይመራል	የ ሳ ይ ን ስ | ዋ ና | ግ ብ | ዓ ለ ም | በ ሳ ይ ን ሳ ዊ | ዘ ዴ | አ ማ ካ ኝ ነ ት | የ ም ት ሰ ራ በ ት ን | መ ን ገ ድ | ማ ወ ቅ | ነ ው | ይ ህ | ዘ ዴ | በ እ ው ነ ቱ | በ ጣ ም | ሳ ይ ን ሳ ዊ | ም ር ም ር ን | ይ መ ራ ል |	165120	FEMALE
1643	16620841506271923382.wav	ፓርኩ 19,500 ኪ.ሜ² የሚሸፍን ሲሆን፤ በ14 የተለያዩ የኢኮ ዞኖች ተከፋፍሏል፤ እያንዳንዱ የተለያየ የዱር ህይወት ይዟል።	ፓርኩ 19,500 ኪ.ሜ² የሚሸፍን ሲሆን፤ በ14 የተለያዩ የኢኮ ዞኖች ተከፋፍሏል፤ እያንዳንዱ የተለያየ የዱር ህይወት ይዟል	ፓ ር ኩ | 1 9 , 5 0 0 | ኪ . ሜ ² | የ ሚ ሸ ፍ ን | ሲ ሆ ን ፤ | በ 1 4 | የ ተ ለ ያ ዩ | የ ኢ ኮ | ዞ ኖ ች | ተ ከ ፋ ፍ ሏ ል ፤ | እ ያ ን ዳ ን ዱ | የ ተ ለ ያ የ | የ ዱ ር | ህ ይ ወ ት | ይ ዟ ል |	182400	FEMALE
1517	12489852598866218540.wav	በ AI ውስጥ የሚደረግ ምርምር ብልህ ባህሪን የሚጠይቁ ስራዎችን በራስ-ሰር ለማከናወን ማሽኖችን መስራትን ያካትታል።	በ ai ውስጥ የሚደረግ ምርምር ብልህ ባህሪን የሚጠይቁ ስራዎችን በራስ-ሰር ለማከናወን ማሽኖችን መስራትን ያካትታል	በ | a i | ው ስ ጥ | የ ሚ ደ ረ ግ | ም ር ም ር | ብ ል ህ | ባ ህ ሪ ን | የ ሚ ጠ ይ ቁ | ስ ራ ዎ ች ን | በ ራ ስ - ሰ ር | ለ ማ ከ ና ወ ን | ማ ሽ ኖ ች ን | መ ስ ራ ት ን | ያ ካ ት ታ ል |	173760	FEMALE
1517	6740538150754363194.wav	በ AI ውስጥ የሚደረግ ምርምር ብልህ ባህሪን የሚጠይቁ ስራዎችን በራስ-ሰር ለማከናወን ማሽኖችን መስራትን ያካትታል።	በ ai ውስጥ የሚደረግ ምርምር ብልህ ባህሪን የሚጠይቁ ስራዎችን በራስ-ሰር ለማከናወን ማሽኖችን መስራትን ያካትታል	በ | a i | ው ስ ጥ | የ ሚ ደ ረ ግ | ም ር ም ር | ብ ል ህ | ባ ህ ሪ ን | የ ሚ ጠ ይ ቁ | ስ ራ ዎ ች ን | በ ራ ስ - ሰ ር | ለ ማ ከ ና ወ ን | ማ ሽ ኖ ች ን | መ ስ ራ ት ን | ያ ካ ት ታ ል |	167040	FEMALE
1517	11090663558840312645.wav	በ AI ውስጥ የሚደረግ ምርምር ብልህ ባህሪን የሚጠይቁ ስራዎችን በራስ-ሰር ለማከናወን ማሽኖችን መስራትን ያካትታል።	በ ai ውስጥ የሚደረግ ምርምር ብልህ ባህሪን የሚጠይቁ ስራዎችን በራስ-ሰር ለማከናወን ማሽኖችን መስራትን ያካትታል	በ | a i | ው ስ ጥ | የ ሚ ደ ረ ግ | ም ር ም ር | ብ ል ህ | ባ ህ ሪ ን | የ ሚ ጠ ይ ቁ | ስ ራ ዎ ች ን | በ ራ ስ - ሰ ር | ለ ማ ከ ና ወ ን | ማ ሽ ኖ ች ን | መ ስ ራ ት ን | ያ ካ ት ታ ል |	168960	FEMALE
1582	7220161187555486870.wav	አብዛኛው የዕብራውያን ቤተሰብ ሕይወት የሚመራው ከቤት ውጪ ላይ ነበር።	አብዛኛው የዕብራውያን ቤተሰብ ሕይወት የሚመራው ከቤት ውጪ ላይ ነበር	አ ብ ዛ ኛ ው | የ ዕ ብ ራ ው ያ ን | ቤ ተ ሰ ብ | ሕ ይ ወ ት | የ ሚ መ ራ ው | ከ ቤ ት | ው ጪ | ላ ይ | ነ በ ር |	108480	FEMALE
1582	4779160449173945834.wav	አብዛኛው የዕብራውያን ቤተሰብ ሕይወት የሚመራው ከቤት ውጪ ላይ ነበር።	አብዛኛው የዕብራውያን ቤተሰብ ሕይወት የሚመራው ከቤት ውጪ ላይ ነበር	አ ብ ዛ ኛ ው | የ ዕ ብ ራ ው ያ ን | ቤ ተ ሰ ብ | ሕ ይ ወ ት | የ ሚ መ ራ ው | ከ ቤ ት | ው ጪ | ላ ይ | ነ በ ር |	111360	FEMALE
1642	12798944392181794245.wav	የዩናይትድ ስቴትስ ኢምፔሪያሊዝም የጦርነቱንየወጪ ለፊሊፒንስ ሰዎች ከፍለዋል።	የዩናይትድ ስቴትስ ኢምፔሪያሊዝም የጦርነቱንየወጪ ለፊሊፒንስ ሰዎች ከፍለዋል	የ ዩ ና ይ ት ድ | ስ ቴ ት ስ | ኢ ም ፔ ሪ ያ ሊ ዝ ም | የ ጦ ር ነ ቱ ን የ ወ ጪ | ለ ፊ ሊ ፒ ን ስ | ሰ ዎ ች | ከ ፍ ለ ዋ ል |	163200	FEMALE
1642	2470124415736891368.wav	የዩናይትድ ስቴትስ ኢምፔሪያሊዝም የጦርነቱንየወጪ ለፊሊፒንስ ሰዎች ከፍለዋል።	የዩናይትድ ስቴትስ ኢምፔሪያሊዝም የጦርነቱንየወጪ ለፊሊፒንስ ሰዎች ከፍለዋል	የ ዩ ና ይ ት ድ | ስ ቴ ት ስ | ኢ ም ፔ ሪ ያ ሊ ዝ ም | የ ጦ ር ነ ቱ ን የ ወ ጪ | ለ ፊ ሊ ፒ ን ስ | ሰ ዎ ች | ከ ፍ ለ ዋ ል |	119040	FEMALE
1593	6338338909918155630.wav	በመጨረሻም የእንጨት ጎማዎች በብረት ተተኩ። በ1767፣ የመጀመሪያዎቹ ሙሉ በሙሉ ብረት የሆኑ ሃዲዶች ተዋወቁ።	በመጨረሻም የእንጨት ጎማዎች በብረት ተተኩ በ1767 የመጀመሪያዎቹ ሙሉ በሙሉ ብረት የሆኑ ሃዲዶች ተዋወቁ	በ መ ጨ ረ ሻ ም | የ እ ን ጨ ት | ጎ ማ ዎ ች | በ ብ ረ ት | ተ ተ ኩ | በ 1 7 6 7 | የ መ ጀ መ ሪ ያ ዎ ቹ | ሙ ሉ | በ ሙ ሉ | ብ ረ ት | የ ሆ ኑ | ሃ ዲ ዶ ች | ተ ዋ ወ ቁ |	157440	FEMALE
1593	12322264275333021309.wav	በመጨረሻም የእንጨት ጎማዎች በብረት ተተኩ። በ1767፣ የመጀመሪያዎቹ ሙሉ በሙሉ ብረት የሆኑ ሃዲዶች ተዋወቁ።	በመጨረሻም የእንጨት ጎማዎች በብረት ተተኩ በ1767 የመጀመሪያዎቹ ሙሉ በሙሉ ብረት የሆኑ ሃዲዶች ተዋወቁ	በ መ ጨ ረ ሻ ም | የ እ ን ጨ ት | ጎ ማ ዎ ች | በ ብ ረ ት | ተ ተ ኩ | በ 1 7 6 7 | የ መ ጀ መ ሪ ያ ዎ ቹ | ሙ ሉ | በ ሙ ሉ | ብ ረ ት | የ ሆ ኑ | ሃ ዲ ዶ ች | ተ ዋ ወ ቁ |	184320	FEMALE
1593	15726231713723439061.wav	በመጨረሻም የእንጨት ጎማዎች በብረት ተተኩ። በ1767፣ የመጀመሪያዎቹ ሙሉ በሙሉ ብረት የሆኑ ሃዲዶች ተዋወቁ።	በመጨረሻም የእንጨት ጎማዎች በብረት ተተኩ በ1767 የመጀመሪያዎቹ ሙሉ በሙሉ ብረት የሆኑ ሃዲዶች ተዋወቁ	በ መ ጨ ረ ሻ ም | የ እ ን ጨ ት | ጎ ማ ዎ ች | በ ብ ረ ት | ተ ተ ኩ | በ 1 7 6 7 | የ መ ጀ መ ሪ ያ ዎ ቹ | ሙ ሉ | በ ሙ ሉ | ብ ረ ት | የ ሆ ኑ | ሃ ዲ ዶ ች | ተ ዋ ወ ቁ |	163200	FEMALE
1539	17921848516787715683.wav	የአንድ ንዑስ ባህል አባላት ብዙውን ጊዜ ፋሽንን ፣ አሰራሮችን እና አርጎትን ያካተተ ልዩ እና ምሳሌያዊ በሆነ የአጻጻፍ ዘይቤ አባልነታቸውን ያመለክታሉ።	የአንድ ንዑስ ባህል አባላት ብዙውን ጊዜ ፋሽንን ፣ አሰራሮችን እና አርጎትን ያካተተ ልዩ እና ምሳሌያዊ በሆነ የአጻጻፍ ዘይቤ አባልነታቸውን ያመለክታሉ	የ አ ን ድ | ን ዑ ስ | ባ ህ ል | አ ባ ላ ት | ብ ዙ ው ን | ጊ ዜ | ፋ ሽ ን ን | ፣ | አ ሰ ራ ሮ ች ን | እ ና | አ ር ጎ ት ን | ያ ካ ተ ተ | ል ዩ | እ ና | ም ሳ ሌ ያ ዊ | በ ሆ ነ | የ አ ጻ ጻ ፍ | ዘ ይ ቤ | አ ባ ል ነ ታ ቸ ው ን | ያ መ ለ ክ ታ ሉ |	179520	FEMALE
1539	12392078694915116418.wav	የአንድ ንዑስ ባህል አባላት ብዙውን ጊዜ ፋሽንን ፣ አሰራሮችን እና አርጎትን ያካተተ ልዩ እና ምሳሌያዊ በሆነ የአጻጻፍ ዘይቤ አባልነታቸውን ያመለክታሉ።	የአንድ ንዑስ ባህል አባላት ብዙውን ጊዜ ፋሽንን ፣ አሰራሮችን እና አርጎትን ያካተተ ልዩ እና ምሳሌያዊ በሆነ የአጻጻፍ ዘይቤ አባልነታቸውን ያመለክታሉ	የ አ ን ድ | ን ዑ ስ | ባ ህ ል | አ ባ ላ ት | ብ ዙ ው ን | ጊ ዜ | ፋ ሽ ን ን | ፣ | አ ሰ ራ ሮ ች ን | እ ና | አ ር ጎ ት ን | ያ ካ ተ ተ | ል ዩ | እ ና | ም ሳ ሌ ያ ዊ | በ ሆ ነ | የ አ ጻ ጻ ፍ | ዘ ይ ቤ | አ ባ ል ነ ታ ቸ ው ን | ያ መ ለ ክ ታ ሉ |	201600	FEMALE
1552	17248238352768251008.wav	የንድፍ ትንተና ውጤት የህዝብ ድር ጣቢያ ላይ ይለጠፋል።	የንድፍ ትንተና ውጤት የህዝብ ድር ጣቢያ ላይ ይለጠፋል	የ ን ድ ፍ | ት ን ተ ና | ው ጤ ት | የ ህ ዝ ብ | ድ ር | ጣ ቢ ያ | ላ ይ | ይ ለ ጠ ፋ ል |	103680	FEMALE
1552	13653008189203045998.wav	የንድፍ ትንተና ውጤት የህዝብ ድር ጣቢያ ላይ ይለጠፋል።	የንድፍ ትንተና ውጤት የህዝብ ድር ጣቢያ ላይ ይለጠፋል	የ ን ድ ፍ | ት ን ተ ና | ው ጤ ት | የ ህ ዝ ብ | ድ ር | ጣ ቢ ያ | ላ ይ | ይ ለ ጠ ፋ ል |	94080	FEMALE
1626	5325575869812863319.wav	የኦሎምፒክ ወርቅ አሸናፊው በ100ሜ እና 200ሜ በነጻ የዋና ውድድር እኛ በኮመንዌልዝ ጨዋታዎች ላይ ሦስት ዱላ ቅብብሎሽ ነው ነገር ግን በቀሬታዎቹ ምክንያት የአካል ብቃቱ በጥርጣሬ ላይ ነበር።	የኦሎምፒክ ወርቅ አሸናፊው በ100ሜ እና 200ሜ በነጻ የዋና ውድድር እኛ በኮመንዌልዝ ጨዋታዎች ላይ ሦስት ዱላ ቅብብሎሽ ነው ነገር ግን በቀሬታዎቹ ምክንያት የአካል ብቃቱ በጥርጣሬ ላይ ነበር	የ ኦ ሎ ም ፒ ክ | ወ ር ቅ | አ ሸ ና ፊ ው | በ 1 0 0 ሜ | እ ና | 2 0 0 ሜ | በ ነ ጻ | የ ዋ ና | ው ድ ድ ር | እ ኛ | በ ኮ መ ን ዌ ል ዝ | ጨ ዋ ታ ዎ ች | ላ ይ | ሦ ስ ት | ዱ ላ | ቅ ብ ብ ሎ ሽ | ነ ው | ነ ገ ር | ግ ን | በ ቀ ሬ ታ ዎ ቹ | ም ክ ን ያ ት | የ አ ካ ል | ብ ቃ ቱ | በ ጥ ር ጣ ሬ | ላ ይ | ነ በ ር |	255360	FEMALE
1626	2071035681238063842.wav	የኦሎምፒክ ወርቅ አሸናፊው በ100ሜ እና 200ሜ በነጻ የዋና ውድድር እኛ በኮመንዌልዝ ጨዋታዎች ላይ ሦስት ዱላ ቅብብሎሽ ነው ነገር ግን በቀሬታዎቹ ምክንያት የአካል ብቃቱ በጥርጣሬ ላይ ነበር።	የኦሎምፒክ ወርቅ አሸናፊው በ100ሜ እና 200ሜ በነጻ የዋና ውድድር እኛ በኮመንዌልዝ ጨዋታዎች ላይ ሦስት ዱላ ቅብብሎሽ ነው ነገር ግን በቀሬታዎቹ ምክንያት የአካል ብቃቱ በጥርጣሬ ላይ ነበር	የ ኦ ሎ ም ፒ ክ | ወ ር ቅ | አ ሸ ና ፊ ው | በ 1 0 0 ሜ | እ ና | 2 0 0 ሜ | በ ነ ጻ | የ ዋ ና | ው ድ ድ ር | እ ኛ | በ ኮ መ ን ዌ ል ዝ | ጨ ዋ ታ ዎ ች | ላ ይ | ሦ ስ ት | ዱ ላ | ቅ ብ ብ ሎ ሽ | ነ ው | ነ ገ ር | ግ ን | በ ቀ ሬ ታ ዎ ቹ | ም ክ ን ያ ት | የ አ ካ ል | ብ ቃ ቱ | በ ጥ ር ጣ ሬ | ላ ይ | ነ በ ር |	286080	FEMALE
1528	6508274349443622093.wav	አንዳንድ ፌስቲቫሎች ትንንሽ ልጆች ላሏቸው ቤተሰቦች የተለየ የካምፕ ማድረጊያ አካባቢ አላቸው።	አንዳንድ ፌስቲቫሎች ትንንሽ ልጆች ላሏቸው ቤተሰቦች የተለየ የካምፕ ማድረጊያ አካባቢ አላቸው	አ ን ዳ ን ድ | ፌ ስ ቲ ቫ ሎ ች | ት ን ን ሽ | ል ጆ ች | ላ ሏ ቸ ው | ቤ ተ ሰ ቦ ች | የ ተ ለ የ | የ ካ ም ፕ | ማ ድ ረ ጊ ያ | አ ካ ባ ቢ | አ ላ ቸ ው |	111360	FEMALE
1528	11088288251409417944.wav	አንዳንድ ፌስቲቫሎች ትንንሽ ልጆች ላሏቸው ቤተሰቦች የተለየ የካምፕ ማድረጊያ አካባቢ አላቸው።	አንዳንድ ፌስቲቫሎች ትንንሽ ልጆች ላሏቸው ቤተሰቦች የተለየ የካምፕ ማድረጊያ አካባቢ አላቸው	አ ን ዳ ን ድ | ፌ ስ ቲ ቫ ሎ ች | ት ን ን ሽ | ል ጆ ች | ላ ሏ ቸ ው | ቤ ተ ሰ ቦ ች | የ ተ ለ የ | የ ካ ም ፕ | ማ ድ ረ ጊ ያ | አ ካ ባ ቢ | አ ላ ቸ ው |	169920	FEMALE
1566	14638500356581011279.wav	ሆኖም በመካከለኛው የአሜሪካ ሀገራት የዕቃዎቻችን ሰማኒያ ፐርሰንት በታሪፎች ምክንያት ታክስ ይቆረጥበታል። እኛ እንሸፍንልዎታለን።	ሆኖም በመካከለኛው የአሜሪካ ሀገራት የዕቃዎቻችን ሰማኒያ ፐርሰንት በታሪፎች ምክንያት ታክስ ይቆረጥበታል እኛ እንሸፍንልዎታለን	ሆ ኖ ም | በ መ ካ ከ ለ ኛ ው | የ አ ሜ ሪ ካ | ሀ ገ ራ ት | የ ዕ ቃ ዎ ቻ ች ን | ሰ ማ ኒ ያ | ፐ ር ሰ ን ት | በ ታ ሪ ፎ ች | ም ክ ን ያ ት | ታ ክ ስ | ይ ቆ ረ ጥ በ ታ ል | እ ኛ | እ ን ሸ ፍ ን ል ዎ ታ ለ ን |	168960	FEMALE
1566	1177893382463628355.wav	ሆኖም በመካከለኛው የአሜሪካ ሀገራት የዕቃዎቻችን ሰማኒያ ፐርሰንት በታሪፎች ምክንያት ታክስ ይቆረጥበታል። እኛ እንሸፍንልዎታለን።	ሆኖም በመካከለኛው የአሜሪካ ሀገራት የዕቃዎቻችን ሰማኒያ ፐርሰንት በታሪፎች ምክንያት ታክስ ይቆረጥበታል እኛ እንሸፍንልዎታለን	ሆ ኖ ም | በ መ ካ ከ ለ ኛ ው | የ አ ሜ ሪ ካ | ሀ ገ ራ ት | የ ዕ ቃ ዎ ቻ ች ን | ሰ ማ ኒ ያ | ፐ ር ሰ ን ት | በ ታ ሪ ፎ ች | ም ክ ን ያ ት | ታ ክ ስ | ይ ቆ ረ ጥ በ ታ ል | እ ኛ | እ ን ሸ ፍ ን ል ዎ ታ ለ ን |	161280	FEMALE
1566	10343906443743791743.wav	ሆኖም በመካከለኛው የአሜሪካ ሀገራት የዕቃዎቻችን ሰማኒያ ፐርሰንት በታሪፎች ምክንያት ታክስ ይቆረጥበታል። እኛ እንሸፍንልዎታለን።	ሆኖም በመካከለኛው የአሜሪካ ሀገራት የዕቃዎቻችን ሰማኒያ ፐርሰንት በታሪፎች ምክንያት ታክስ ይቆረጥበታል እኛ እንሸፍንልዎታለን	ሆ ኖ ም | በ መ ካ ከ ለ ኛ ው | የ አ ሜ ሪ ካ | ሀ ገ ራ ት | የ ዕ ቃ ዎ ቻ ች ን | ሰ ማ ኒ ያ | ፐ ር ሰ ን ት | በ ታ ሪ ፎ ች | ም ክ ን ያ ት | ታ ክ ስ | ይ ቆ ረ ጥ በ ታ ል | እ ኛ | እ ን ሸ ፍ ን ል ዎ ታ ለ ን |	182400	FEMALE
1577	11230701465608490649.wav	ይህ ለእኔ ትርጉም ያለው አልመሰለኝም፤ በእውነቱ አግባብ አልነበረም።	ይህ ለእኔ ትርጉም ያለው አልመሰለኝም በእውነቱ አግባብ አልነበረም	ይ ህ | ለ እ ኔ | ት ር ጉ ም | ያ ለ ው | አ ል መ ሰ ለ ኝ ም | በ እ ው ነ ቱ | አ ግ ባ ብ | አ ል ነ በ ረ ም |	108480	FEMALE
1577	6814002484339035567.wav	ይህ ለእኔ ትርጉም ያለው አልመሰለኝም፤ በእውነቱ አግባብ አልነበረም።	ይህ ለእኔ ትርጉም ያለው አልመሰለኝም በእውነቱ አግባብ አልነበረም	ይ ህ | ለ እ ኔ | ት ር ጉ ም | ያ ለ ው | አ ል መ ሰ ለ ኝ ም | በ እ ው ነ ቱ | አ ግ ባ ብ | አ ል ነ በ ረ ም |	113280	FEMALE
1577	17740396639450231404.wav	ይህ ለእኔ ትርጉም ያለው አልመሰለኝም፤ በእውነቱ አግባብ አልነበረም።	ይህ ለእኔ ትርጉም ያለው አልመሰለኝም በእውነቱ አግባብ አልነበረም	ይ ህ | ለ እ ኔ | ት ር ጉ ም | ያ ለ ው | አ ል መ ሰ ለ ኝ ም | በ እ ው ነ ቱ | አ ግ ባ ብ | አ ል ነ በ ረ ም |	130560	FEMALE
1526	9439090112531389890.wav	የአርክቲክ ወይም አንታርቲካ አካባቢዎችን በክረምት ከጎበኙ ዋልታዊ ምሽቶችን ያገኛሉ፣ ይህ ፀሃይ ከአድማሱ በላይ አትወጣም ማለት ነው።	የአርክቲክ ወይም አንታርቲካ አካባቢዎችን በክረምት ከጎበኙ ዋልታዊ ምሽቶችን ያገኛሉ ይህ ፀሃይ ከአድማሱ በላይ አትወጣም ማለት ነው	የ አ ር ክ ቲ ክ | ወ ይ ም | አ ን ታ ር ቲ ካ | አ ካ ባ ቢ ዎ ች ን | በ ክ ረ ም ት | ከ ጎ በ ኙ | ዋ ል ታ ዊ | ም ሽ ቶ ች ን | ያ ገ ኛ ሉ | ይ ህ | ፀ ሃ ይ | ከ አ ድ ማ ሱ | በ ላ ይ | አ ት ወ ጣ ም | ማ ለ ት | ነ ው |	188160	FEMALE
1571	7399476661774204657.wav	አረቦቹ እስልምናንም ወደ ምድሪቱ አመጡ እናም በኮሞሮ እና በማዮቴ ውስጥ በጣም ተሰራጭቷል።	አረቦቹ እስልምናንም ወደ ምድሪቱ አመጡ እናም በኮሞሮ እና በማዮቴ ውስጥ በጣም ተሰራጭቷል	አ ረ ቦ ቹ | እ ስ ል ም ና ን ም | ወ ደ | ም ድ ሪ ቱ | አ መ ጡ | እ ና ም | በ ኮ ሞ ሮ | እ ና | በ ማ ዮ ቴ | ው ስ ጥ | በ ጣ ም | ተ ሰ ራ ጭ ቷ ል |	160320	FEMALE
1571	4321555078387570344.wav	አረቦቹ እስልምናንም ወደ ምድሪቱ አመጡ እናም በኮሞሮ እና በማዮቴ ውስጥ በጣም ተሰራጭቷል።	አረቦቹ እስልምናንም ወደ ምድሪቱ አመጡ እናም በኮሞሮ እና በማዮቴ ውስጥ በጣም ተሰራጭቷል	አ ረ ቦ ቹ | እ ስ ል ም ና ን ም | ወ ደ | ም ድ ሪ ቱ | አ መ ጡ | እ ና ም | በ ኮ ሞ ሮ | እ ና | በ ማ ዮ ቴ | ው ስ ጥ | በ ጣ ም | ተ ሰ ራ ጭ ቷ ል |	148800	FEMALE
1587	4645007359104857933.wav	በዚህ ወቅት የመጀመሪያዎቹ የበሽታው አጋጣሚዎች በሐምሌ ወር መጨረሻ ላይ ነበር ሪፖርት የተደረጉት።	በዚህ ወቅት የመጀመሪያዎቹ የበሽታው አጋጣሚዎች በሐምሌ ወር መጨረሻ ላይ ነበር ሪፖርት የተደረጉት	በ ዚ ህ | ወ ቅ ት | የ መ ጀ መ ሪ ያ ዎ ቹ | የ በ ሽ ታ ው | አ ጋ ጣ ሚ ዎ ች | በ ሐ ም ሌ | ወ ር | መ ጨ ረ ሻ | ላ ይ | ነ በ ር | ሪ ፖ ር ት | የ ተ ደ ረ ጉ ት |	136320	FEMALE
1587	12842707058644307206.wav	በዚህ ወቅት የመጀመሪያዎቹ የበሽታው አጋጣሚዎች በሐምሌ ወር መጨረሻ ላይ ነበር ሪፖርት የተደረጉት።	በዚህ ወቅት የመጀመሪያዎቹ የበሽታው አጋጣሚዎች በሐምሌ ወር መጨረሻ ላይ ነበር ሪፖርት የተደረጉት	በ ዚ ህ | ወ ቅ ት | የ መ ጀ መ ሪ ያ ዎ ቹ | የ በ ሽ ታ ው | አ ጋ ጣ ሚ ዎ ች | በ ሐ ም ሌ | ወ ር | መ ጨ ረ ሻ | ላ ይ | ነ በ ር | ሪ ፖ ር ት | የ ተ ደ ረ ጉ ት |	135360	FEMALE
1633	10176575685515652658.wav	በዚህ ተለዋዋጭ የትራንስፖርት መርከብ ውስጥ ሁሉም ሰው በሆነ መንገድ በግል መኪናዎች ላይ የተመሠረተ የትራንስፖርት ስርዓት እንደምንም ተገናኝቷል እንዲሁም ይደግፋል።	በዚህ ተለዋዋጭ የትራንስፖርት መርከብ ውስጥ ሁሉም ሰው በሆነ መንገድ በግል መኪናዎች ላይ የተመሠረተ የትራንስፖርት ስርዓት እንደምንም ተገናኝቷል እንዲሁም ይደግፋል	በ ዚ ህ | ተ ለ ዋ ዋ ጭ | የ ት ራ ን ስ ፖ ር ት | መ ር ከ ብ | ው ስ ጥ | ሁ ሉ ም | ሰ ው | በ ሆ ነ | መ ን ገ ድ | በ ግ ል | መ ኪ ና ዎ ች | ላ ይ | የ ተ መ ሠ ረ ተ | የ ት ራ ን ስ ፖ ር ት | ስ ር ዓ ት | እ ን ደ ም ን ም | ተ ገ ና ኝ ቷ ል | እ ን ዲ ሁ ም | ይ ደ ግ ፋ ል |	207360	FEMALE
1532	5397403218134606900.wav	108 የሻፓንግ ቡሆግ (በሂንዱይዝም ውስጥ 56 የተለያዩ የሚበሉ ነገሮች፣ ለምሳሌ፣ ጣፋጮች፣ ፍራፍሬዎች ፣ ለውዝ ፣ ሙሉ ምግብ ወዘተ.የመሳሰሉት ለአማልክት የሚቀርቡ) ለ ባባ ሺያም ቀርበዋል።	108 የሻፓንግ ቡሆግ በሂንዱይዝም ውስጥ 56 የተለያዩ የሚበሉ ነገሮች፣ ለምሳሌ፣ ጣፋጮች፣ ፍራፍሬዎች ፣ ለውዝ ፣ ሙሉ ምግብ ወዘተ.የመሳሰሉት ለአማልክት የሚቀርቡ ለ ባባ ሺያም ቀርበዋል	1 0 8 | የ ሻ ፓ ን ግ | ቡ ሆ ግ | በ ሂ ን ዱ ይ ዝ ም | ው ስ ጥ | 5 6 | የ ተ ለ ያ ዩ | የ ሚ በ ሉ | ነ ገ ሮ ች ፣ | ለ ም ሳ ሌ ፣ | ጣ ፋ ጮ ች ፣ | ፍ ራ ፍ ሬ ዎ ች | ፣ | ለ ው ዝ | ፣ | ሙ ሉ | ም ግ ብ | ወ ዘ ተ . የ መ ሳ ሰ ሉ ት | ለ አ ማ ል ክ ት | የ ሚ ቀ ር ቡ | ለ | ባ ባ | ሺ ያ ም | ቀ ር በ ዋ ል |	231360	FEMALE
1535	994820789549743052.wav	ከቀድሞው መሬት-ራዳር ላይ የተመሠረተ ቴክኖሎጂ በተቃራኒ፣ የአየር ትራፊክ ተቆጣጣሪዎች አውሮፕላኖችን በከፍተኛ ትክክለኛነት እንዲለዩ እና ለአውሮፕላን አብራሪዎች የበለጠ ትክክለኛ መረጃ እንዲሰጡ ለማድረግ በሳተላይት ላይ የተመሠረተ ቴክኖሎጂን ይጠቀማል።	ከቀድሞው መሬት-ራዳር ላይ የተመሠረተ ቴክኖሎጂ በተቃራኒ የአየር ትራፊክ ተቆጣጣሪዎች አውሮፕላኖችን በከፍተኛ ትክክለኛነት እንዲለዩ እና ለአውሮፕላን አብራሪዎች የበለጠ ትክክለኛ መረጃ እንዲሰጡ ለማድረግ በሳተላይት ላይ የተመሠረተ ቴክኖሎጂን ይጠቀማል	ከ ቀ ድ ሞ ው | መ ሬ ት - ራ ዳ ር | ላ ይ | የ ተ መ ሠ ረ ተ | ቴ ክ ኖ ሎ ጂ | በ ተ ቃ ራ ኒ | የ አ የ ር | ት ራ ፊ ክ | ተ ቆ ጣ ጣ ሪ ዎ ች | አ ው ሮ ፕ ላ ኖ ች ን | በ ከ ፍ ተ ኛ | ት ክ ክ ለ ኛ ነ ት | እ ን ዲ ለ ዩ | እ ና | ለ አ ው ሮ ፕ ላ ን | አ ብ ራ ሪ ዎ ች | የ በ ለ ጠ | ት ክ ክ ለ ኛ | መ ረ ጃ | እ ን ዲ ሰ ጡ | ለ ማ ድ ረ ግ | በ ሳ ተ ላ ይ ት | ላ ይ | የ ተ መ ሠ ረ ተ | ቴ ክ ኖ ሎ ጂ ን | ይ ጠ ቀ ማ ል |	293760	FEMALE
1636	10282468355647248781.wav	ስፔናውያን ለሦስት መቶ ዓመታት የቆየውን የቅኝ ግዛት ዘመን ጀመሩ።	ስፔናውያን ለሦስት መቶ ዓመታት የቆየውን የቅኝ ግዛት ዘመን ጀመሩ	ስ ፔ ና ው ያ ን | ለ ሦ ስ ት | መ ቶ | ዓ መ ታ ት | የ ቆ የ ው ን | የ ቅ ኝ | ግ ዛ ት | ዘ መ ን | ጀ መ ሩ |	96960	FEMALE
1636	14685277792772517566.wav	ስፔናውያን ለሦስት መቶ ዓመታት የቆየውን የቅኝ ግዛት ዘመን ጀመሩ።	ስፔናውያን ለሦስት መቶ ዓመታት የቆየውን የቅኝ ግዛት ዘመን ጀመሩ	ስ ፔ ና ው ያ ን | ለ ሦ ስ ት | መ ቶ | ዓ መ ታ ት | የ ቆ የ ው ን | የ ቅ ኝ | ግ ዛ ት | ዘ መ ን | ጀ መ ሩ |	99840	FEMALE
1636	10348211855352444440.wav	ስፔናውያን ለሦስት መቶ ዓመታት የቆየውን የቅኝ ግዛት ዘመን ጀመሩ።	ስፔናውያን ለሦስት መቶ ዓመታት የቆየውን የቅኝ ግዛት ዘመን ጀመሩ	ስ ፔ ና ው ያ ን | ለ ሦ ስ ት | መ ቶ | ዓ መ ታ ት | የ ቆ የ ው ን | የ ቅ ኝ | ግ ዛ ት | ዘ መ ን | ጀ መ ሩ |	101760	FEMALE
1589	18099525974066629367.wav	አንድን ንዑስ ባህል ልዩ የሚያደርጉት ባህሪዎች የቋንቋ፣ የስነ ውበት፣ የሃይማኖት፣ የፖለቲካ፣ የጾታዊ፣ የመልካ ምድራዊ ወይም የእነዚህ ቅልቅል ምክንያቶች ሊሆኑ ይችላሉ።	አንድን ንዑስ ባህል ልዩ የሚያደርጉት ባህሪዎች የቋንቋ የስነ ውበት የሃይማኖት የፖለቲካ የጾታዊ የመልካ ምድራዊ ወይም የእነዚህ ቅልቅል ምክንያቶች ሊሆኑ ይችላሉ	አ ን ድ ን | ን ዑ ስ | ባ ህ ል | ል ዩ | የ ሚ ያ ደ ር ጉ ት | ባ ህ ሪ ዎ ች | የ ቋ ን ቋ | የ ስ ነ | ው በ ት | የ ሃ ይ ማ ኖ ት | የ ፖ ለ ቲ ካ | የ ጾ ታ ዊ | የ መ ል ካ | ም ድ ራ ዊ | ወ ይ ም | የ እ ነ ዚ ህ | ቅ ል ቅ ል | ም ክ ን ያ ቶ ች | ሊ ሆ ኑ | ይ ች ላ ሉ |	218880	FEMALE
1650	8538831449860973747.wav	የጨዋማ ውሃ አዞዎች በውቅያኖሱ ውስጥ በደንም አይኖሩም፣ ዋናው መኖሪያቸው በሮክሃምፕተን በሰሜን ክፍል ያለው የኢስታውሪስ ወንዝ ነው።	የጨዋማ ውሃ አዞዎች በውቅያኖሱ ውስጥ በደንም አይኖሩም ዋናው መኖሪያቸው በሮክሃምፕተን በሰሜን ክፍል ያለው የኢስታውሪስ ወንዝ ነው	የ ጨ ዋ ማ | ው ሃ | አ ዞ ዎ ች | በ ው ቅ ያ ኖ ሱ | ው ስ ጥ | በ ደ ን ም | አ ይ ኖ ሩ ም | ዋ ና ው | መ ኖ ሪ ያ ቸ ው | በ ሮ ክ ሃ ም ፕ ተ ን | በ ሰ ሜ ን | ክ ፍ ል | ያ ለ ው | የ ኢ ስ ታ ው ሪ ስ | ወ ን ዝ | ነ ው |	197760	FEMALE
1654	17235096421480560869.wav	እርስዎ ይገነዘቡት ወይም አይገነዘቡት አላውቅም ፣ ግን ከመካከለኛው አሜሪካ የሚመጡ አብዛኛዎቹ ዕቃዎች ወደዚህ ሀገር የመጡት ከቀረጥ ነፃ ነው።	እርስዎ ይገነዘቡት ወይም አይገነዘቡት አላውቅም ፣ ግን ከመካከለኛው አሜሪካ የሚመጡ አብዛኛዎቹ ዕቃዎች ወደዚህ ሀገር የመጡት ከቀረጥ ነፃ ነው	እ ር ስ ዎ | ይ ገ ነ ዘ ቡ ት | ወ ይ ም | አ ይ ገ ነ ዘ ቡ ት | አ ላ ው ቅ ም | ፣ | ግ ን | ከ መ ካ ከ ለ ኛ ው | አ ሜ ሪ ካ | የ ሚ መ ጡ | አ ብ ዛ ኛ ዎ ቹ | ዕ ቃ ዎ ች | ወ ደ ዚ ህ | ሀ ገ ር | የ መ ጡ ት | ከ ቀ ረ ጥ | ነ ፃ | ነ ው |	187200	FEMALE
1659	17354485548815847746.wav	የሳይንስ ሊቃውንት በግጭቱ ምክንያት የተፈጠረው ፍንዳታ ከፍተኛ እንደነበር ይናገራሉ።	የሳይንስ ሊቃውንት በግጭቱ ምክንያት የተፈጠረው ፍንዳታ ከፍተኛ እንደነበር ይናገራሉ	የ ሳ ይ ን ስ | ሊ ቃ ው ን ት | በ ግ ጭ ቱ | ም ክ ን ያ ት | የ ተ ፈ ጠ ረ ው | ፍ ን ዳ ታ | ከ ፍ ተ ኛ | እ ን ደ ነ በ ር | ይ ና ገ ራ ሉ |	120000	FEMALE
1659	6655423321782699473.wav	የሳይንስ ሊቃውንት በግጭቱ ምክንያት የተፈጠረው ፍንዳታ ከፍተኛ እንደነበር ይናገራሉ።	የሳይንስ ሊቃውንት በግጭቱ ምክንያት የተፈጠረው ፍንዳታ ከፍተኛ እንደነበር ይናገራሉ	የ ሳ ይ ን ስ | ሊ ቃ ው ን ት | በ ግ ጭ ቱ | ም ክ ን ያ ት | የ ተ ፈ ጠ ረ ው | ፍ ን ዳ ታ | ከ ፍ ተ ኛ | እ ን ደ ነ በ ር | ይ ና ገ ራ ሉ |	113280	FEMALE
1659	14627397680293013882.wav	የሳይንስ ሊቃውንት በግጭቱ ምክንያት የተፈጠረው ፍንዳታ ከፍተኛ እንደነበር ይናገራሉ።	የሳይንስ ሊቃውንት በግጭቱ ምክንያት የተፈጠረው ፍንዳታ ከፍተኛ እንደነበር ይናገራሉ	የ ሳ ይ ን ስ | ሊ ቃ ው ን ት | በ ግ ጭ ቱ | ም ክ ን ያ ት | የ ተ ፈ ጠ ረ ው | ፍ ን ዳ ታ | ከ ፍ ተ ኛ | እ ን ደ ነ በ ር | ይ ና ገ ራ ሉ |	134400	FEMALE
1652	17721735873248390512.wav	ሞልዶቫ ውስጥ ዋናው ሃይማኖት ኦርቶዶክስ ክርስትና ነው።	ሞልዶቫ ውስጥ ዋናው ሃይማኖት ኦርቶዶክስ ክርስትና ነው	ሞ ል ዶ ቫ | ው ስ ጥ | ዋ ና ው | ሃ ይ ማ ኖ ት | ኦ ር ቶ ዶ ክ ስ | ክ ር ስ ት ና | ነ ው |	88320	FEMALE
1652	7495465534288486611.wav	ሞልዶቫ ውስጥ ዋናው ሃይማኖት ኦርቶዶክስ ክርስትና ነው።	ሞልዶቫ ውስጥ ዋናው ሃይማኖት ኦርቶዶክስ ክርስትና ነው	ሞ ል ዶ ቫ | ው ስ ጥ | ዋ ና ው | ሃ ይ ማ ኖ ት | ኦ ር ቶ ዶ ክ ስ | ክ ር ስ ት ና | ነ ው |	90240	FEMALE
1652	6275199124193789359.wav	ሞልዶቫ ውስጥ ዋናው ሃይማኖት ኦርቶዶክስ ክርስትና ነው።	ሞልዶቫ ውስጥ ዋናው ሃይማኖት ኦርቶዶክስ ክርስትና ነው	ሞ ል ዶ ቫ | ው ስ ጥ | ዋ ና ው | ሃ ይ ማ ኖ ት | ኦ ር ቶ ዶ ክ ስ | ክ ር ስ ት ና | ነ ው |	94080	FEMALE
1520	7870925558202159040.wav	ከ2010 ፌደራላዊ ምርጫ በፊት ከመረጡት 1,400 ሰዎች ውስጥ፣ የአውስትራሊያን ሪፐብሊክ መሆን የሚቃወሙት ከ2008 አንስቶ በ8 በመቶ አደጉ።	ከ2010 ፌደራላዊ ምርጫ በፊት ከመረጡት 1,400 ሰዎች ውስጥ የአውስትራሊያን ሪፐብሊክ መሆን የሚቃወሙት ከ2008 አንስቶ በ8 በመቶ አደጉ	ከ 2 0 1 0 | ፌ ደ ራ ላ ዊ | ም ር ጫ | በ ፊ ት | ከ መ ረ ጡ ት | 1 , 4 0 0 | ሰ ዎ ች | ው ስ ጥ | የ አ ው ስ ት ራ ሊ ያ ን | ሪ ፐ ብ ሊ ክ | መ ሆ ን | የ ሚ ቃ ወ ሙ ት | ከ 2 0 0 8 | አ ን ስ ቶ | በ 8 | በ መ ቶ | አ ደ ጉ |	202560	FEMALE
1520	6664965289653632086.wav	ከ2010 ፌደራላዊ ምርጫ በፊት ከመረጡት 1,400 ሰዎች ውስጥ፣ የአውስትራሊያን ሪፐብሊክ መሆን የሚቃወሙት ከ2008 አንስቶ በ8 በመቶ አደጉ።	ከ2010 ፌደራላዊ ምርጫ በፊት ከመረጡት 1,400 ሰዎች ውስጥ የአውስትራሊያን ሪፐብሊክ መሆን የሚቃወሙት ከ2008 አንስቶ በ8 በመቶ አደጉ	ከ 2 0 1 0 | ፌ ደ ራ ላ ዊ | ም ር ጫ | በ ፊ ት | ከ መ ረ ጡ ት | 1 , 4 0 0 | ሰ ዎ ች | ው ስ ጥ | የ አ ው ስ ት ራ ሊ ያ ን | ሪ ፐ ብ ሊ ክ | መ ሆ ን | የ ሚ ቃ ወ ሙ ት | ከ 2 0 0 8 | አ ን ስ ቶ | በ 8 | በ መ ቶ | አ ደ ጉ |	179520	FEMALE
1521	12810329267741369204.wav	በጠፈር ላይ ያለው ሳተላይት ጥሪውን ተቀብሎ በቅፅበት መልሶ ያንፀባርቃል።	በጠፈር ላይ ያለው ሳተላይት ጥሪውን ተቀብሎ በቅፅበት መልሶ ያንፀባርቃል	በ ጠ ፈ ር | ላ ይ | ያ ለ ው | ሳ ተ ላ ይ ት | ጥ ሪ ው ን | ተ ቀ ብ ሎ | በ ቅ ፅ በ ት | መ ል ሶ | ያ ን ፀ ባ ር ቃ ል |	114240	FEMALE
1656	3691216818915300857.wav	ፖሊስ አስከሬኑ ለአንድ ቀን ያህል የቆየ ይመስላል ብሏል።	ፖሊስ አስከሬኑ ለአንድ ቀን ያህል የቆየ ይመስላል ብሏል	ፖ ሊ ስ | አ ስ ከ ሬ ኑ | ለ አ ን ድ | ቀ ን | ያ ህ ል | የ ቆ የ | ይ መ ስ ላ ል | ብ ሏ ል |	99840	FEMALE
1656	18162931234807542147.wav	ፖሊስ አስከሬኑ ለአንድ ቀን ያህል የቆየ ይመስላል ብሏል።	ፖሊስ አስከሬኑ ለአንድ ቀን ያህል የቆየ ይመስላል ብሏል	ፖ ሊ ስ | አ ስ ከ ሬ ኑ | ለ አ ን ድ | ቀ ን | ያ ህ ል | የ ቆ የ | ይ መ ስ ላ ል | ብ ሏ ል |	83520	FEMALE
1656	16319865055514251074.wav	ፖሊስ አስከሬኑ ለአንድ ቀን ያህል የቆየ ይመስላል ብሏል።	ፖሊስ አስከሬኑ ለአንድ ቀን ያህል የቆየ ይመስላል ብሏል	ፖ ሊ ስ | አ ስ ከ ሬ ኑ | ለ አ ን ድ | ቀ ን | ያ ህ ል | የ ቆ የ | ይ መ ስ ላ ል | ብ ሏ ል |	94080	FEMALE
1554	5868781270431759535.wav	እሱ እንዳለው፣ የWiFi የበር ደውል ሰራ።	እሱ እንዳለው፣ የwifi የበር ደውል ሰራ	እ ሱ | እ ን ዳ ለ ው ፣ | የ w i f i | የ በ ር | ደ ው ል | ሰ ራ |	89280	FEMALE
1554	2749379253809696831.wav	እሱ እንዳለው፣ የWiFi የበር ደውል ሰራ።	እሱ እንዳለው፣ የwifi የበር ደውል ሰራ	እ ሱ | እ ን ዳ ለ ው ፣ | የ w i f i | የ በ ር | ደ ው ል | ሰ ራ |	76800	FEMALE
1554	3268197893244997528.wav	እሱ እንዳለው፣ የWiFi የበር ደውል ሰራ።	እሱ እንዳለው፣ የwifi የበር ደውል ሰራ	እ ሱ | እ ን ዳ ለ ው ፣ | የ w i f i | የ በ ር | ደ ው ል | ሰ ራ |	84480	FEMALE
1524	10070060210745915655.wav	እንደ የሜትሪክ ስርዓት አጠቃቀም፣ ከእውነተኝነት ወደ ህዝባዊነት መቀየር፣ ብሔራዊነት እና አገሪቱ የህዝቡ እንጂ የአንድ ብቸኛ ገዢ አለመሆኗን ያሉ በርካታ ማህበራዊ እና ፖለቲካዊ ተፅእኖዎች አሉ፡፡	እንደ የሜትሪክ ስርዓት አጠቃቀም ከእውነተኝነት ወደ ህዝባዊነት መቀየር ብሔራዊነት እና አገሪቱ የህዝቡ እንጂ የአንድ ብቸኛ ገዢ አለመሆኗን ያሉ በርካታ ማህበራዊ እና ፖለቲካዊ ተፅእኖዎች አሉ	እ ን ደ | የ ሜ ት ሪ ክ | ስ ር ዓ ት | አ ጠ ቃ ቀ ም | ከ እ ው ነ ተ ኝ ነ ት | ወ ደ | ህ ዝ ባ ዊ ነ ት | መ ቀ የ ር | ብ ሔ ራ ዊ ነ ት | እ ና | አ ገ ሪ ቱ | የ ህ ዝ ቡ | እ ን ጂ | የ አ ን ድ | ብ ቸ ኛ | ገ ዢ | አ ለ መ ሆ ኗ ን | ያ ሉ | በ ር ካ ታ | ማ ህ በ ራ ዊ | እ ና | ፖ ለ ቲ ካ ዊ | ተ ፅ እ ኖ ዎ ች | አ ሉ |	218880	FEMALE
1549	11245161573678779953.wav	እነዚህ ፅንሰ-ሀሳቦች እንደሚያመለክቱት ሰዎች ወደ አዋቂነት ሲያድጉ በውስጣቸው የተቀየሱ የተወሰኑ ፍላጎቶች እና/ወይም ምኞቶች ያሏቸው ናቸው።	እነዚህ ፅንሰ-ሀሳቦች እንደሚያመለክቱት ሰዎች ወደ አዋቂነት ሲያድጉ በውስጣቸው የተቀየሱ የተወሰኑ ፍላጎቶች እና/ወይም ምኞቶች ያሏቸው ናቸው	እ ነ ዚ ህ | ፅ ን ሰ - ሀ ሳ ቦ ች | እ ን ደ ሚ ያ መ ለ ክ ቱ ት | ሰ ዎ ች | ወ ደ | አ ዋ ቂ ነ ት | ሲ ያ ድ ጉ | በ ው ስ ጣ ቸ ው | የ ተ ቀ የ ሱ | የ ተ ወ ሰ ኑ | ፍ ላ ጎ ቶ ች | እ ና / ወ ይ ም | ም ኞ ቶ ች | ያ ሏ ቸ ው | ና ቸ ው |	204480	FEMALE
1617	8547496381220579039.wav	ክሩገር ብሔራዊ ፓርክ (ኬኤንፒ) ከደቡብ አፍሪካ በሰሜን ምስራቅ የሚገኝ ሲሆን፣ በምስራቅ የሞዛምቢክ ድንበር ያዋስነዋል፣ በሰሜን ዚምባብዌ፣ እና የደቡብ ድንበሩ ክሮኮዳይል ወንዝ ነው።	ክሩገር ብሔራዊ ፓርክ ኬኤንፒ ከደቡብ አፍሪካ በሰሜን ምስራቅ የሚገኝ ሲሆን፣ በምስራቅ የሞዛምቢክ ድንበር ያዋስነዋል፣ በሰሜን ዚምባብዌ፣ እና የደቡብ ድንበሩ ክሮኮዳይል ወንዝ ነው	ክ ሩ ገ ር | ብ ሔ ራ ዊ | ፓ ር ክ | ኬ ኤ ን ፒ | ከ ደ ቡ ብ | አ ፍ ሪ ካ | በ ሰ ሜ ን | ም ስ ራ ቅ | የ ሚ ገ ኝ | ሲ ሆ ን ፣ | በ ም ስ ራ ቅ | የ ሞ ዛ ም ቢ ክ | ድ ን በ ር | ያ ዋ ስ ነ ዋ ል ፣ | በ ሰ ሜ ን | ዚ ም ባ ብ ዌ ፣ | እ ና | የ ደ ቡ ብ | ድ ን በ ሩ | ክ ሮ ኮ ዳ ይ ል | ወ ን ዝ | ነ ው |	230400	FEMALE
1617	8911645885892895713.wav	ክሩገር ብሔራዊ ፓርክ (ኬኤንፒ) ከደቡብ አፍሪካ በሰሜን ምስራቅ የሚገኝ ሲሆን፣ በምስራቅ የሞዛምቢክ ድንበር ያዋስነዋል፣ በሰሜን ዚምባብዌ፣ እና የደቡብ ድንበሩ ክሮኮዳይል ወንዝ ነው።	ክሩገር ብሔራዊ ፓርክ ኬኤንፒ ከደቡብ አፍሪካ በሰሜን ምስራቅ የሚገኝ ሲሆን፣ በምስራቅ የሞዛምቢክ ድንበር ያዋስነዋል፣ በሰሜን ዚምባብዌ፣ እና የደቡብ ድንበሩ ክሮኮዳይል ወንዝ ነው	ክ ሩ ገ ር | ብ ሔ ራ ዊ | ፓ ር ክ | ኬ ኤ ን ፒ | ከ ደ ቡ ብ | አ ፍ ሪ ካ | በ ሰ ሜ ን | ም ስ ራ ቅ | የ ሚ ገ ኝ | ሲ ሆ ን ፣ | በ ም ስ ራ ቅ | የ ሞ ዛ ም ቢ ክ | ድ ን በ ር | ያ ዋ ስ ነ ዋ ል ፣ | በ ሰ ሜ ን | ዚ ም ባ ብ ዌ ፣ | እ ና | የ ደ ቡ ብ | ድ ን በ ሩ | ክ ሮ ኮ ዳ ይ ል | ወ ን ዝ | ነ ው |	261120	FEMALE
1617	18210672879097892692.wav	ክሩገር ብሔራዊ ፓርክ (ኬኤንፒ) ከደቡብ አፍሪካ በሰሜን ምስራቅ የሚገኝ ሲሆን፣ በምስራቅ የሞዛምቢክ ድንበር ያዋስነዋል፣ በሰሜን ዚምባብዌ፣ እና የደቡብ ድንበሩ ክሮኮዳይል ወንዝ ነው።	ክሩገር ብሔራዊ ፓርክ ኬኤንፒ ከደቡብ አፍሪካ በሰሜን ምስራቅ የሚገኝ ሲሆን፣ በምስራቅ የሞዛምቢክ ድንበር ያዋስነዋል፣ በሰሜን ዚምባብዌ፣ እና የደቡብ ድንበሩ ክሮኮዳይል ወንዝ ነው	ክ ሩ ገ ር | ብ ሔ ራ ዊ | ፓ ር ክ | ኬ ኤ ን ፒ | ከ ደ ቡ ብ | አ ፍ ሪ ካ | በ ሰ ሜ ን | ም ስ ራ ቅ | የ ሚ ገ ኝ | ሲ ሆ ን ፣ | በ ም ስ ራ ቅ | የ ሞ ዛ ም ቢ ክ | ድ ን በ ር | ያ ዋ ስ ነ ዋ ል ፣ | በ ሰ ሜ ን | ዚ ም ባ ብ ዌ ፣ | እ ና | የ ደ ቡ ብ | ድ ን በ ሩ | ክ ሮ ኮ ዳ ይ ል | ወ ን ዝ | ነ ው |	264960	FEMALE
1602	6940342777909185062.wav	ማጆርካን የምግብ አሰራር ዘዴ፣ ከሜዲትራኒያን ጋር ይመሳሰላል፣ ዳቦ፣ አትክልቶች እና ስጋ (በተለየ የአሳማ ስጋ) ላይ የተመሰረተ ሲሆን እና በጠቅላላው ላይ የወይራ ዘይትን ይጠቀማል።	ማጆርካን የምግብ አሰራር ዘዴ፣ ከሜዲትራኒያን ጋር ይመሳሰላል፣ ዳቦ፣ አትክልቶች እና ስጋ በተለየ የአሳማ ስጋ ላይ የተመሰረተ ሲሆን እና በጠቅላላው ላይ የወይራ ዘይትን ይጠቀማል	ማ ጆ ር ካ ን | የ ም ግ ብ | አ ሰ ራ ር | ዘ ዴ ፣ | ከ ሜ ዲ ት ራ ኒ ያ ን | ጋ ር | ይ መ ሳ ሰ ላ ል ፣ | ዳ ቦ ፣ | አ ት ክ ል ቶ ች | እ ና | ስ ጋ | በ ተ ለ የ | የ አ ሳ ማ | ስ ጋ | ላ ይ | የ ተ መ ሰ ረ ተ | ሲ ሆ ን | እ ና | በ ጠ ቅ ላ ላ ው | ላ ይ | የ ወ ይ ራ | ዘ ይ ት ን | ይ ጠ ቀ ማ ል |	253440	FEMALE
1602	16286775178376485416.wav	ማጆርካን የምግብ አሰራር ዘዴ፣ ከሜዲትራኒያን ጋር ይመሳሰላል፣ ዳቦ፣ አትክልቶች እና ስጋ (በተለየ የአሳማ ስጋ) ላይ የተመሰረተ ሲሆን እና በጠቅላላው ላይ የወይራ ዘይትን ይጠቀማል።	ማጆርካን የምግብ አሰራር ዘዴ፣ ከሜዲትራኒያን ጋር ይመሳሰላል፣ ዳቦ፣ አትክልቶች እና ስጋ በተለየ የአሳማ ስጋ ላይ የተመሰረተ ሲሆን እና በጠቅላላው ላይ የወይራ ዘይትን ይጠቀማል	ማ ጆ ር ካ ን | የ ም ግ ብ | አ ሰ ራ ር | ዘ ዴ ፣ | ከ ሜ ዲ ት ራ ኒ ያ ን | ጋ ር | ይ መ ሳ ሰ ላ ል ፣ | ዳ ቦ ፣ | አ ት ክ ል ቶ ች | እ ና | ስ ጋ | በ ተ ለ የ | የ አ ሳ ማ | ስ ጋ | ላ ይ | የ ተ መ ሰ ረ ተ | ሲ ሆ ን | እ ና | በ ጠ ቅ ላ ላ ው | ላ ይ | የ ወ ይ ራ | ዘ ይ ት ን | ይ ጠ ቀ ማ ል |	241920	FEMALE
1514	18396337411365141191.wav	ቁስለኞቹ ወደ ሆስፒታል ከተወሰዱ በኋላ ውጊያው ሲቆም፣ ከሌሎቹ እስረኞች መካከል ወደ 40 የሚሆኑት በግቢው ውስጥ ቆዩ እና ወደ ክፍላቸው ለመመለስ ፈቃደኛ አልሆኑም።	ቁስለኞቹ ወደ ሆስፒታል ከተወሰዱ በኋላ ውጊያው ሲቆም ከሌሎቹ እስረኞች መካከል ወደ 40 የሚሆኑት በግቢው ውስጥ ቆዩ እና ወደ ክፍላቸው ለመመለስ ፈቃደኛ አልሆኑም	ቁ ስ ለ ኞ ቹ | ወ ደ | ሆ ስ ፒ ታ ል | ከ ተ ወ ሰ ዱ | በ ኋ ላ | ው ጊ ያ ው | ሲ ቆ ም | ከ ሌ ሎ ቹ | እ ስ ረ ኞ ች | መ ካ ከ ል | ወ ደ | 4 0 | የ ሚ ሆ ኑ ት | በ ግ ቢ ው | ው ስ ጥ | ቆ ዩ | እ ና | ወ ደ | ክ ፍ ላ ቸ ው | ለ መ መ ለ ስ | ፈ ቃ ደ ኛ | አ ል ሆ ኑ ም |	226560	FEMALE
1514	17038151794091398450.wav	ቁስለኞቹ ወደ ሆስፒታል ከተወሰዱ በኋላ ውጊያው ሲቆም፣ ከሌሎቹ እስረኞች መካከል ወደ 40 የሚሆኑት በግቢው ውስጥ ቆዩ እና ወደ ክፍላቸው ለመመለስ ፈቃደኛ አልሆኑም።	ቁስለኞቹ ወደ ሆስፒታል ከተወሰዱ በኋላ ውጊያው ሲቆም ከሌሎቹ እስረኞች መካከል ወደ 40 የሚሆኑት በግቢው ውስጥ ቆዩ እና ወደ ክፍላቸው ለመመለስ ፈቃደኛ አልሆኑም	ቁ ስ ለ ኞ ቹ | ወ ደ | ሆ ስ ፒ ታ ል | ከ ተ ወ ሰ ዱ | በ ኋ ላ | ው ጊ ያ ው | ሲ ቆ ም | ከ ሌ ሎ ቹ | እ ስ ረ ኞ ች | መ ካ ከ ል | ወ ደ | 4 0 | የ ሚ ሆ ኑ ት | በ ግ ቢ ው | ው ስ ጥ | ቆ ዩ | እ ና | ወ ደ | ክ ፍ ላ ቸ ው | ለ መ መ ለ ስ | ፈ ቃ ደ ኛ | አ ል ሆ ኑ ም |	207360	FEMALE
1538	9871153685091979361.wav	በፖይንት ማሪኦን እና ፌርሞንት መካከል ያለው ዝርጋታ፤ የቡፋሎ-ፒትስቡአርግ ፈጣን መንገዶች በተደጋጋሚ በተነጠለ መልከዓ ምድር እያለፉ በጣም አስቸጋሪ የመኪና መንጃ ሁኔታዎችን ያቀርባል።	በፖይንት ማሪኦን እና ፌርሞንት መካከል ያለው ዝርጋታ የቡፋሎ-ፒትስቡአርግ ፈጣን መንገዶች በተደጋጋሚ በተነጠለ መልከዓ ምድር እያለፉ በጣም አስቸጋሪ የመኪና መንጃ ሁኔታዎችን ያቀርባል	በ ፖ ይ ን ት | ማ ሪ ኦ ን | እ ና | ፌ ር ሞ ን ት | መ ካ ከ ል | ያ ለ ው | ዝ ር ጋ ታ | የ ቡ ፋ ሎ - ፒ ት ስ ቡ አ ር ግ | ፈ ጣ ን | መ ን ገ ዶ ች | በ ተ ደ ጋ ጋ ሚ | በ ተ ነ ጠ ለ | መ ል ከ ዓ | ም ድ ር | እ ያ ለ ፉ | በ ጣ ም | አ ስ ቸ ጋ ሪ | የ መ ኪ ና | መ ን ጃ | ሁ ኔ ታ ዎ ች ን | ያ ቀ ር ባ ል |	278400	FEMALE
1537	13063033675378848879.wav	ፒራሚዶቹን በጨለማ ሊያዩአቸው ይችላሉ እና ትርኢቱ ከመጀመሩ በፊት በፀጥታ ሊያዩአቸው ይችላሉ።	ፒራሚዶቹን በጨለማ ሊያዩአቸው ይችላሉ እና ትርኢቱ ከመጀመሩ በፊት በፀጥታ ሊያዩአቸው ይችላሉ	ፒ ራ ሚ ዶ ቹ ን | በ ጨ ለ ማ | ሊ ያ ዩ አ ቸ ው | ይ ች ላ ሉ | እ ና | ት ር ኢ ቱ | ከ መ ጀ መ ሩ | በ ፊ ት | በ ፀ ጥ ታ | ሊ ያ ዩ አ ቸ ው | ይ ች ላ ሉ |	161280	FEMALE
1537	6538573520284270545.wav	ፒራሚዶቹን በጨለማ ሊያዩአቸው ይችላሉ እና ትርኢቱ ከመጀመሩ በፊት በፀጥታ ሊያዩአቸው ይችላሉ።	ፒራሚዶቹን በጨለማ ሊያዩአቸው ይችላሉ እና ትርኢቱ ከመጀመሩ በፊት በፀጥታ ሊያዩአቸው ይችላሉ	ፒ ራ ሚ ዶ ቹ ን | በ ጨ ለ ማ | ሊ ያ ዩ አ ቸ ው | ይ ች ላ ሉ | እ ና | ት ር ኢ ቱ | ከ መ ጀ መ ሩ | በ ፊ ት | በ ፀ ጥ ታ | ሊ ያ ዩ አ ቸ ው | ይ ች ላ ሉ |	149760	FEMALE
1537	1088820734248810617.wav	ፒራሚዶቹን በጨለማ ሊያዩአቸው ይችላሉ እና ትርኢቱ ከመጀመሩ በፊት በፀጥታ ሊያዩአቸው ይችላሉ።	ፒራሚዶቹን በጨለማ ሊያዩአቸው ይችላሉ እና ትርኢቱ ከመጀመሩ በፊት በፀጥታ ሊያዩአቸው ይችላሉ	ፒ ራ ሚ ዶ ቹ ን | በ ጨ ለ ማ | ሊ ያ ዩ አ ቸ ው | ይ ች ላ ሉ | እ ና | ት ር ኢ ቱ | ከ መ ጀ መ ሩ | በ ፊ ት | በ ፀ ጥ ታ | ሊ ያ ዩ አ ቸ ው | ይ ች ላ ሉ |	132480	FEMALE
1634	2339903781600438424.wav	ጃፓኖች ወደ 7,000 የሚጠጉ ደሴቶችን የያዙ (ትልቁ ደግሞ ሆንሹ ይባላል) ሲሆን ጃፓንን በዓለም 7 ኛ ትልቋ ደሴት ያደርጋታል!	ጃፓኖች ወደ 7,000 የሚጠጉ ደሴቶችን የያዙ ትልቁ ደግሞ ሆንሹ ይባላል ሲሆን ጃፓንን በዓለም 7 ኛ ትልቋ ደሴት ያደርጋታል!	ጃ ፓ ኖ ች | ወ ደ | 7 , 0 0 0 | የ ሚ ጠ ጉ | ደ ሴ ቶ ች ን | የ ያ ዙ | ት ል ቁ | ደ ግ ሞ | ሆ ን ሹ | ይ ባ ላ ል | ሲ ሆ ን | ጃ ፓ ን ን | በ ዓ ለ ም | 7 | ኛ | ት ል ቋ | ደ ሴ ት | ያ ደ ር ጋ ታ ል ! |	165120	FEMALE
1591	9896312400905065166.wav	የቀድሞው የምክር ቤት አፈ ጉባኤ ኒውት ጊንግሪች ፣ የቴክሳስ ገዥ ሪክ ፔሪ እና የምክርቤት አባል ሚሼል ባችማን በቅደም ተከተል በአራተኛ ፣ አምስተኛ እና ስድስተኛ ደረጃን ይዘው አጠናቀዋል።	የቀድሞው የምክር ቤት አፈ ጉባኤ ኒውት ጊንግሪች ፣ የቴክሳስ ገዥ ሪክ ፔሪ እና የምክርቤት አባል ሚሼል ባችማን በቅደም ተከተል በአራተኛ ፣ አምስተኛ እና ስድስተኛ ደረጃን ይዘው አጠናቀዋል	የ ቀ ድ ሞ ው | የ ም ክ ር | ቤ ት | አ ፈ | ጉ ባ ኤ | ኒ ው ት | ጊ ን ግ ሪ ች | ፣ | የ ቴ ክ ሳ ስ | ገ ዥ | ሪ ክ | ፔ ሪ | እ ና | የ ም ክ ር ቤ ት | አ ባ ል | ሚ ሼ ል | ባ ች ማ ን | በ ቅ ደ ም | ተ ከ ተ ል | በ አ ራ ተ ኛ | ፣ | አ ም ስ ተ ኛ | እ ና | ስ ድ ስ ተ ኛ | ደ ረ ጃ ን | ይ ዘ ው | አ ጠ ና ቀ ዋ ል |	270720	FEMALE
1591	11621976555934089988.wav	የቀድሞው የምክር ቤት አፈ ጉባኤ ኒውት ጊንግሪች ፣ የቴክሳስ ገዥ ሪክ ፔሪ እና የምክርቤት አባል ሚሼል ባችማን በቅደም ተከተል በአራተኛ ፣ አምስተኛ እና ስድስተኛ ደረጃን ይዘው አጠናቀዋል።	የቀድሞው የምክር ቤት አፈ ጉባኤ ኒውት ጊንግሪች ፣ የቴክሳስ ገዥ ሪክ ፔሪ እና የምክርቤት አባል ሚሼል ባችማን በቅደም ተከተል በአራተኛ ፣ አምስተኛ እና ስድስተኛ ደረጃን ይዘው አጠናቀዋል	የ ቀ ድ ሞ ው | የ ም ክ ር | ቤ ት | አ ፈ | ጉ ባ ኤ | ኒ ው ት | ጊ ን ግ ሪ ች | ፣ | የ ቴ ክ ሳ ስ | ገ ዥ | ሪ ክ | ፔ ሪ | እ ና | የ ም ክ ር ቤ ት | አ ባ ል | ሚ ሼ ል | ባ ች ማ ን | በ ቅ ደ ም | ተ ከ ተ ል | በ አ ራ ተ ኛ | ፣ | አ ም ስ ተ ኛ | እ ና | ስ ድ ስ ተ ኛ | ደ ረ ጃ ን | ይ ዘ ው | አ ጠ ና ቀ ዋ ል |	249600	FEMALE
1606	1454594945354469223.wav	ፖርቹጊዞቹ አፈረሱት እና ካዛ ብራንካ በሚል ስም መልሰው ገነቡት፣ በ1755 ከመሬት መንቀጥቀጥ በኋላ መልሰው ተዉት።	ፖርቹጊዞቹ አፈረሱት እና ካዛ ብራንካ በሚል ስም መልሰው ገነቡት በ1755 ከመሬት መንቀጥቀጥ በኋላ መልሰው ተዉት	ፖ ር ቹ ጊ ዞ ቹ | አ ፈ ረ ሱ ት | እ ና | ካ ዛ | ብ ራ ን ካ | በ ሚ ል | ስ ም | መ ል ሰ ው | ገ ነ ቡ ት | በ 1 7 5 5 | ከ መ ሬ ት | መ ን ቀ ጥ ቀ ጥ | በ ኋ ላ | መ ል ሰ ው | ተ ዉ ት |	193920	FEMALE
1562	5149343526573677222.wav	ይህ የተለመደ ተግባር ሆነ ፣ ግን ብረት በሠረገላዎቹ የእንጨት ጎማዎች ላይ የበለጠ የጉዳት ምክንያት ሆኗል።	ይህ የተለመደ ተግባር ሆነ ፣ ግን ብረት በሠረገላዎቹ የእንጨት ጎማዎች ላይ የበለጠ የጉዳት ምክንያት ሆኗል	ይ ህ | የ ተ ለ መ ደ | ተ ግ ባ ር | ሆ ነ | ፣ | ግ ን | ብ ረ ት | በ ሠ ረ ገ ላ ዎ ቹ | የ እ ን ጨ ት | ጎ ማ ዎ ች | ላ ይ | የ በ ለ ጠ | የ ጉ ዳ ት | ም ክ ን ያ ት | ሆ ኗ ል |	151680	FEMALE
1562	11551165530736301622.wav	ይህ የተለመደ ተግባር ሆነ ፣ ግን ብረት በሠረገላዎቹ የእንጨት ጎማዎች ላይ የበለጠ የጉዳት ምክንያት ሆኗል።	ይህ የተለመደ ተግባር ሆነ ፣ ግን ብረት በሠረገላዎቹ የእንጨት ጎማዎች ላይ የበለጠ የጉዳት ምክንያት ሆኗል	ይ ህ | የ ተ ለ መ ደ | ተ ግ ባ ር | ሆ ነ | ፣ | ግ ን | ብ ረ ት | በ ሠ ረ ገ ላ ዎ ቹ | የ እ ን ጨ ት | ጎ ማ ዎ ች | ላ ይ | የ በ ለ ጠ | የ ጉ ዳ ት | ም ክ ን ያ ት | ሆ ኗ ል |	143040	FEMALE
1638	680832077346696126.wav	ሳፋሪዎች፤ ምናልባትም በአፍሪካ ቱሪዝምን በከፍተኛ ደረጃ የሚስቡ እና ለብዙ ጎብኝዎች የሚያደምቁ ናቸው።	ሳፋሪዎች ምናልባትም በአፍሪካ ቱሪዝምን በከፍተኛ ደረጃ የሚስቡ እና ለብዙ ጎብኝዎች የሚያደምቁ ናቸው	ሳ ፋ ሪ ዎ ች | ም ና ል ባ ት ም | በ አ ፍ ሪ ካ | ቱ ሪ ዝ ም ን | በ ከ ፍ ተ ኛ | ደ ረ ጃ | የ ሚ ስ ቡ | እ ና | ለ ብ ዙ | ጎ ብ ኝ ዎ ች | የ ሚ ያ ደ ም ቁ | ና ቸ ው |	157440	FEMALE
1632	17544761376351390176.wav	ሴቶች የባህል ልዩነቶች እነሱ ትንኮሳ ብለው ወደሚያስቡት እንደሚያመራ ማሰብ አለባቸው እና መከተል እና በእጅ መጎተት ወዘተ. ያልተለመደ አይደለም።	ሴቶች የባህል ልዩነቶች እነሱ ትንኮሳ ብለው ወደሚያስቡት እንደሚያመራ ማሰብ አለባቸው እና መከተል እና በእጅ መጎተት ወዘተ ያልተለመደ አይደለም	ሴ ቶ ች | የ ባ ህ ል | ል ዩ ነ ቶ ች | እ ነ ሱ | ት ን ኮ ሳ | ብ ለ ው | ወ ደ ሚ ያ ስ ቡ ት | እ ን ደ ሚ ያ መ ራ | ማ ሰ ብ | አ ለ ባ ቸ ው | እ ና | መ ከ ተ ል | እ ና | በ እ ጅ | መ ጎ ተ ት | ወ ዘ ተ | ያ ል ተ ለ መ ደ | አ ይ ደ ለ ም |	202560	FEMALE
1632	16768811797636781005.wav	ሴቶች የባህል ልዩነቶች እነሱ ትንኮሳ ብለው ወደሚያስቡት እንደሚያመራ ማሰብ አለባቸው እና መከተል እና በእጅ መጎተት ወዘተ. ያልተለመደ አይደለም።	ሴቶች የባህል ልዩነቶች እነሱ ትንኮሳ ብለው ወደሚያስቡት እንደሚያመራ ማሰብ አለባቸው እና መከተል እና በእጅ መጎተት ወዘተ ያልተለመደ አይደለም	ሴ ቶ ች | የ ባ ህ ል | ል ዩ ነ ቶ ች | እ ነ ሱ | ት ን ኮ ሳ | ብ ለ ው | ወ ደ ሚ ያ ስ ቡ ት | እ ን ደ ሚ ያ መ ራ | ማ ሰ ብ | አ ለ ባ ቸ ው | እ ና | መ ከ ተ ል | እ ና | በ እ ጅ | መ ጎ ተ ት | ወ ዘ ተ | ያ ል ተ ለ መ ደ | አ ይ ደ ለ ም |	201600	FEMALE
1612	9576261459849684814.wav	ውሃው 100ጫማ ስፋት ባለው ክፍል ግድቡ ላይ እየፈሰሰ ነው።	ውሃው 100ጫማ ስፋት ባለው ክፍል ግድቡ ላይ እየፈሰሰ ነው	ው ሃ ው | 1 0 0 ጫ ማ | ስ ፋ ት | ባ ለ ው | ክ ፍ ል | ግ ድ ቡ | ላ ይ | እ የ ፈ ሰ ሰ | ነ ው |	82560	FEMALE
1612	7449557614377040380.wav	ውሃው 100ጫማ ስፋት ባለው ክፍል ግድቡ ላይ እየፈሰሰ ነው።	ውሃው 100ጫማ ስፋት ባለው ክፍል ግድቡ ላይ እየፈሰሰ ነው	ው ሃ ው | 1 0 0 ጫ ማ | ስ ፋ ት | ባ ለ ው | ክ ፍ ል | ግ ድ ቡ | ላ ይ | እ የ ፈ ሰ ሰ | ነ ው |	130560	FEMALE
1596	10603456427392103687.wav	የተፈጥሮ ተመራማሪዎችና ፈላስፎች በክላሲካል ጽሑፎች ላይ እና በተለይም በላቲን መጽሐፍ ቅዱስ ላይ አተኮሩ።	የተፈጥሮ ተመራማሪዎችና ፈላስፎች በክላሲካል ጽሑፎች ላይ እና በተለይም በላቲን መጽሐፍ ቅዱስ ላይ አተኮሩ	የ ተ ፈ ጥ ሮ | ተ መ ራ ማ ሪ ዎ ች ና | ፈ ላ ስ ፎ ች | በ ክ ላ ሲ ካ ል | ጽ ሑ ፎ ች | ላ ይ | እ ና | በ ተ ለ ይ ም | በ ላ ቲ ን | መ ጽ ሐ ፍ | ቅ ዱ ስ | ላ ይ | አ ተ ኮ ሩ |	161280	FEMALE
1596	3235581164619637709.wav	የተፈጥሮ ተመራማሪዎችና ፈላስፎች በክላሲካል ጽሑፎች ላይ እና በተለይም በላቲን መጽሐፍ ቅዱስ ላይ አተኮሩ።	የተፈጥሮ ተመራማሪዎችና ፈላስፎች በክላሲካል ጽሑፎች ላይ እና በተለይም በላቲን መጽሐፍ ቅዱስ ላይ አተኮሩ	የ ተ ፈ ጥ ሮ | ተ መ ራ ማ ሪ ዎ ች ና | ፈ ላ ስ ፎ ች | በ ክ ላ ሲ ካ ል | ጽ ሑ ፎ ች | ላ ይ | እ ና | በ ተ ለ ይ ም | በ ላ ቲ ን | መ ጽ ሐ ፍ | ቅ ዱ ስ | ላ ይ | አ ተ ኮ ሩ |	213120	FEMALE
1574	17264639038441032615.wav	ክረምቱ በአወዛጋቢ ሁኔታ ቀዝቃዛ ሊሆን ይችላል፥ የሙቀት መጠኑ ውሃ በረዶ ከሚሆንበት ደረጃ አንዳንድ ጊዜ ነው ዝቅ የሚለው፣ ነገር ግን ነፋሱ እና እርጥበቱ ተቀላቅሎ የሙቀት መለኪያው ከሚለው ይልቅ ቀዝቃዛ እንደሆነ ያስመስለዋል።	ክረምቱ በአወዛጋቢ ሁኔታ ቀዝቃዛ ሊሆን ይችላል የሙቀት መጠኑ ውሃ በረዶ ከሚሆንበት ደረጃ አንዳንድ ጊዜ ነው ዝቅ የሚለው ነገር ግን ነፋሱ እና እርጥበቱ ተቀላቅሎ የሙቀት መለኪያው ከሚለው ይልቅ ቀዝቃዛ እንደሆነ ያስመስለዋል	ክ ረ ም ቱ | በ አ ወ ዛ ጋ ቢ | ሁ ኔ ታ | ቀ ዝ ቃ ዛ | ሊ ሆ ን | ይ ች ላ ል | የ ሙ ቀ ት | መ ጠ ኑ | ው ሃ | በ ረ ዶ | ከ ሚ ሆ ን በ ት | ደ ረ ጃ | አ ን ዳ ን ድ | ጊ ዜ | ነ ው | ዝ ቅ | የ ሚ ለ ው | ነ ገ ር | ግ ን | ነ ፋ ሱ | እ ና | እ ር ጥ በ ቱ | ተ ቀ ላ ቅ ሎ | የ ሙ ቀ ት | መ ለ ኪ ያ ው | ከ ሚ ለ ው | ይ ል ቅ | ቀ ዝ ቃ ዛ | እ ን ደ ሆ ነ | ያ ስ መ ስ ለ ዋ ል |	300480	FEMALE
1597	4962715662058926754.wav	ገንዘብ ከ FIC ዌስት መደብር ባሻገር በስታንሌይ በሚገኙት ደሴቶች ብቸኛው ባንክ ሊለወጥ ይችላል።	ገንዘብ ከ fic ዌስት መደብር ባሻገር በስታንሌይ በሚገኙት ደሴቶች ብቸኛው ባንክ ሊለወጥ ይችላል	ገ ን ዘ ብ | ከ | f i c | ዌ ስ ት | መ ደ ብ ር | ባ ሻ ገ ር | በ ስ ታ ን ሌ ይ | በ ሚ ገ ኙ ት | ደ ሴ ቶ ች | ብ ቸ ኛ ው | ባ ን ክ | ሊ ለ ወ ጥ | ይ ች ላ ል |	155520	FEMALE
1597	8045831586968845071.wav	ገንዘብ ከ FIC ዌስት መደብር ባሻገር በስታንሌይ በሚገኙት ደሴቶች ብቸኛው ባንክ ሊለወጥ ይችላል።	ገንዘብ ከ fic ዌስት መደብር ባሻገር በስታንሌይ በሚገኙት ደሴቶች ብቸኛው ባንክ ሊለወጥ ይችላል	ገ ን ዘ ብ | ከ | f i c | ዌ ስ ት | መ ደ ብ ር | ባ ሻ ገ ር | በ ስ ታ ን ሌ ይ | በ ሚ ገ ኙ ት | ደ ሴ ቶ ች | ብ ቸ ኛ ው | ባ ን ክ | ሊ ለ ወ ጥ | ይ ች ላ ል |	146880	FEMALE
1513	7539988020472220119.wav	አርጀንቲና በአለም ላይ በጣም ምርጥ ከሆኑት የፖሎ ቡድኖች እና ተጫዋቾች አንዱን በመያዝ በደምብ ትታወቃለች።	አርጀንቲና በአለም ላይ በጣም ምርጥ ከሆኑት የፖሎ ቡድኖች እና ተጫዋቾች አንዱን በመያዝ በደምብ ትታወቃለች	አ ር ጀ ን ቲ ና | በ አ ለ ም | ላ ይ | በ ጣ ም | ም ር ጥ | ከ ሆ ኑ ት | የ ፖ ሎ | ቡ ድ ኖ ች | እ ና | ተ ጫ ዋ ቾ ች | አ ን ዱ ን | በ መ ያ ዝ | በ ደ ም ብ | ት ታ ወ ቃ ለ ች |	164160	FEMALE
1618	839000216857372979.wav	ሰሜናዊው ክፍል ወይም ሰንቲነል ሬንጅ በ 4892ሜ ከፍታ የቪንሰን ተራራ የአንታርቲካን ትልልቅ ተራሮች የያዘውን ቪንሰን ማሲፍ ይዟል።	ሰሜናዊው ክፍል ወይም ሰንቲነል ሬንጅ በ 4892ሜ ከፍታ የቪንሰን ተራራ የአንታርቲካን ትልልቅ ተራሮች የያዘውን ቪንሰን ማሲፍ ይዟል	ሰ ሜ ና ዊ ው | ክ ፍ ል | ወ ይ ም | ሰ ን ቲ ነ ል | ሬ ን ጅ | በ | 4 8 9 2 ሜ | ከ ፍ ታ | የ ቪ ን ሰ ን | ተ ራ ራ | የ አ ን ታ ር ቲ ካ ን | ት ል ል ቅ | ተ ራ ሮ ች | የ ያ ዘ ው ን | ቪ ን ሰ ን | ማ ሲ ፍ | ይ ዟ ል |	222720	FEMALE
1568	7013134394333408357.wav	በሰፊው ጥቅም ላይ ቢውልም፣ በተለይ ሮማኒ ባልሆኑ ሰዎች፣ ስለ ሮማኒ ሰዎች አሉታዊ አመለካከቶች እና ትክክል ያልሆኑ አስተሳሰቦች ጋር ባሉት ግንኙነቶች አማካኝነት “ጂፕሲ” የሚለው ቃል አፀያፊ እንደሆነ ይታሰባል።	በሰፊው ጥቅም ላይ ቢውልም በተለይ ሮማኒ ባልሆኑ ሰዎች ስለ ሮማኒ ሰዎች አሉታዊ አመለካከቶች እና ትክክል ያልሆኑ አስተሳሰቦች ጋር ባሉት ግንኙነቶች አማካኝነት ጂፕሲ የሚለው ቃል አፀያፊ እንደሆነ ይታሰባል	በ ሰ ፊ ው | ጥ ቅ ም | ላ ይ | ቢ ው ል ም | በ ተ ለ ይ | ሮ ማ ኒ | ባ ል ሆ ኑ | ሰ ዎ ች | ስ ለ | ሮ ማ ኒ | ሰ ዎ ች | አ ሉ ታ ዊ | አ መ ለ ካ ከ ቶ ች | እ ና | ት ክ ክ ል | ያ ል ሆ ኑ | አ ስ ተ ሳ ሰ ቦ ች | ጋ ር | ባ ሉ ት | ግ ን ኙ ነ ቶ ች | አ ማ ካ ኝ ነ ት | ጂ ፕ ሲ | የ ሚ ለ ው | ቃ ል | አ ፀ ያ ፊ | እ ን ደ ሆ ነ | ይ ታ ሰ ባ ል |	243840	FEMALE
1543	15666012997546634223.wav	በሽተኛው በናይጄሪያ ነበር አንዳንድ የኢቦላ ቫይረስ የተከሰተበት ስፍራ።	በሽተኛው በናይጄሪያ ነበር አንዳንድ የኢቦላ ቫይረስ የተከሰተበት ስፍራ	በ ሽ ተ ኛ ው | በ ና ይ ጄ ሪ ያ | ነ በ ር | አ ን ዳ ን ድ | የ ኢ ቦ ላ | ቫ ይ ረ ስ | የ ተ ከ ሰ ተ በ ት | ስ ፍ ራ |	111360	FEMALE
1543	8454968810419015880.wav	በሽተኛው በናይጄሪያ ነበር አንዳንድ የኢቦላ ቫይረስ የተከሰተበት ስፍራ።	በሽተኛው በናይጄሪያ ነበር አንዳንድ የኢቦላ ቫይረስ የተከሰተበት ስፍራ	በ ሽ ተ ኛ ው | በ ና ይ ጄ ሪ ያ | ነ በ ር | አ ን ዳ ን ድ | የ ኢ ቦ ላ | ቫ ይ ረ ስ | የ ተ ከ ሰ ተ በ ት | ስ ፍ ራ |	116160	FEMALE
1543	3660281825689892625.wav	በሽተኛው በናይጄሪያ ነበር አንዳንድ የኢቦላ ቫይረስ የተከሰተበት ስፍራ።	በሽተኛው በናይጄሪያ ነበር አንዳንድ የኢቦላ ቫይረስ የተከሰተበት ስፍራ	በ ሽ ተ ኛ ው | በ ና ይ ጄ ሪ ያ | ነ በ ር | አ ን ዳ ን ድ | የ ኢ ቦ ላ | ቫ ይ ረ ስ | የ ተ ከ ሰ ተ በ ት | ስ ፍ ራ |	105600	FEMALE
1644	11970265652623023384.wav	ለአስተያየት ሲጠየቅ፣ በችሎቱ “ወቅት ማይክ ብዙ ያወራል... እየተዘጋጀሁ ስለነበር ምን እንደሚል እየሰማሁ አልነበረም።” አለ ሚለር።	ለአስተያየት ሲጠየቅ በችሎቱ ወቅት ማይክ ብዙ ያወራል እየተዘጋጀሁ ስለነበር ምን እንደሚል እየሰማሁ አልነበረም አለ ሚለር	ለ አ ስ ተ ያ የ ት | ሲ ጠ የ ቅ | በ ች ሎ ቱ | ወ ቅ ት | ማ ይ ክ | ብ ዙ | ያ ወ ራ ል | እ የ ተ ዘ ጋ ጀ ሁ | ስ ለ ነ በ ር | ም ን | እ ን ደ ሚ ል | እ የ ሰ ማ ሁ | አ ል ነ በ ረ ም | አ ለ | ሚ ለ ር |	151680	FEMALE
1644	4673103077055616880.wav	ለአስተያየት ሲጠየቅ፣ በችሎቱ “ወቅት ማይክ ብዙ ያወራል... እየተዘጋጀሁ ስለነበር ምን እንደሚል እየሰማሁ አልነበረም።” አለ ሚለር።	ለአስተያየት ሲጠየቅ በችሎቱ ወቅት ማይክ ብዙ ያወራል እየተዘጋጀሁ ስለነበር ምን እንደሚል እየሰማሁ አልነበረም አለ ሚለር	ለ አ ስ ተ ያ የ ት | ሲ ጠ የ ቅ | በ ች ሎ ቱ | ወ ቅ ት | ማ ይ ክ | ብ ዙ | ያ ወ ራ ል | እ የ ተ ዘ ጋ ጀ ሁ | ስ ለ ነ በ ር | ም ን | እ ን ደ ሚ ል | እ የ ሰ ማ ሁ | አ ል ነ በ ረ ም | አ ለ | ሚ ለ ር |	161280	FEMALE
1620	12384747777709706566.wav	አሁን ላይ በአርቺፔላጎ በሰፊው የሚገኝ ሲሆን፣ የጃቫ የምግብ አሰራር ዘዴ በቀላሉ የተቀመሙ ምግቦችን፣ ጃቫውያን የሚወዱት ዋና ማጣፈጫዎች ኦቾሎኒ፣ ቃሪያዎች፣ ስኳር (በተለይ የጃቫውያን ኮኮናት ስኳር) እና የተለያዩ አሮማታዊ ቅመሞችን ያካትታል።	አሁን ላይ በአርቺፔላጎ በሰፊው የሚገኝ ሲሆን፣ የጃቫ የምግብ አሰራር ዘዴ በቀላሉ የተቀመሙ ምግቦችን፣ ጃቫውያን የሚወዱት ዋና ማጣፈጫዎች ኦቾሎኒ፣ ቃሪያዎች፣ ስኳር በተለይ የጃቫውያን ኮኮናት ስኳር እና የተለያዩ አሮማታዊ ቅመሞችን ያካትታል	አ ሁ ን | ላ ይ | በ አ ር ቺ ፔ ላ ጎ | በ ሰ ፊ ው | የ ሚ ገ ኝ | ሲ ሆ ን ፣ | የ ጃ ቫ | የ ም ግ ብ | አ ሰ ራ ር | ዘ ዴ | በ ቀ ላ ሉ | የ ተ ቀ መ ሙ | ም ግ ቦ ች ን ፣ | ጃ ቫ ው ያ ን | የ ሚ ወ ዱ ት | ዋ ና | ማ ጣ ፈ ጫ ዎ ች | ኦ ቾ ሎ ኒ ፣ | ቃ ሪ ያ ዎ ች ፣ | ስ ኳ ር | በ ተ ለ ይ | የ ጃ ቫ ው ያ ን | ኮ ኮ ና ት | ስ ኳ ር | እ ና | የ ተ ለ ያ ዩ | አ ሮ ማ ታ ዊ | ቅ መ ሞ ች ን | ያ ካ ት ታ ል |	324480	FEMALE
1586	16009716691352559171.wav	የመጀመሪያዋ ስላሎም ነበር፣ በመጀመሪያ ሩጫዋ ላይ አልጨረሰጭችም። ከ116 ተወዳዳሪዎች 36 በዚያ ውድድር ላይ ተመሳሳይ ውጤት ነበራቸው።	የመጀመሪያዋ ስላሎም ነበር በመጀመሪያ ሩጫዋ ላይ አልጨረሰጭችም ከ116 ተወዳዳሪዎች 36 በዚያ ውድድር ላይ ተመሳሳይ ውጤት ነበራቸው	የ መ ጀ መ ሪ ያ ዋ | ስ ላ ሎ ም | ነ በ ር | በ መ ጀ መ ሪ ያ | ሩ ጫ ዋ | ላ ይ | አ ል ጨ ረ ሰ ጭ ች ም | ከ 1 1 6 | ተ ወ ዳ ዳ ሪ ዎ ች | 3 6 | በ ዚ ያ | ው ድ ድ ር | ላ ይ | ተ መ ሳ ሳ ይ | ው ጤ ት | ነ በ ራ ቸ ው |	198720	FEMALE
1586	10325365368446175835.wav	የመጀመሪያዋ ስላሎም ነበር፣ በመጀመሪያ ሩጫዋ ላይ አልጨረሰጭችም። ከ116 ተወዳዳሪዎች 36 በዚያ ውድድር ላይ ተመሳሳይ ውጤት ነበራቸው።	የመጀመሪያዋ ስላሎም ነበር በመጀመሪያ ሩጫዋ ላይ አልጨረሰጭችም ከ116 ተወዳዳሪዎች 36 በዚያ ውድድር ላይ ተመሳሳይ ውጤት ነበራቸው	የ መ ጀ መ ሪ ያ ዋ | ስ ላ ሎ ም | ነ በ ር | በ መ ጀ መ ሪ ያ | ሩ ጫ ዋ | ላ ይ | አ ል ጨ ረ ሰ ጭ ች ም | ከ 1 1 6 | ተ ወ ዳ ዳ ሪ ዎ ች | 3 6 | በ ዚ ያ | ው ድ ድ ር | ላ ይ | ተ መ ሳ ሳ ይ | ው ጤ ት | ነ በ ራ ቸ ው |	171840	FEMALE
1610	3841095831926876399.wav	እንደነዚህ ያሉት ነገሮች የተለዩ ስርዓቶች ሆነዋል ፣ ይህም ለእውነተኛ የሕይወት ችግሮች መፍትሄ መስጠት ላይ ያተኮረ ነው።	እንደነዚህ ያሉት ነገሮች የተለዩ ስርዓቶች ሆነዋል ፣ ይህም ለእውነተኛ የሕይወት ችግሮች መፍትሄ መስጠት ላይ ያተኮረ ነው	እ ን ደ ነ ዚ ህ | ያ ሉ ት | ነ ገ ሮ ች | የ ተ ለ ዩ | ስ ር ዓ ቶ ች | ሆ ነ ዋ ል | ፣ | ይ ህ ም | ለ እ ው ነ ተ ኛ | የ ሕ ይ ወ ት | ች ግ ሮ ች | መ ፍ ት ሄ | መ ስ ጠ ት | ላ ይ | ያ ተ ኮ ረ | ነ ው |	153600	FEMALE
1610	6075593698000595440.wav	እንደነዚህ ያሉት ነገሮች የተለዩ ስርዓቶች ሆነዋል ፣ ይህም ለእውነተኛ የሕይወት ችግሮች መፍትሄ መስጠት ላይ ያተኮረ ነው።	እንደነዚህ ያሉት ነገሮች የተለዩ ስርዓቶች ሆነዋል ፣ ይህም ለእውነተኛ የሕይወት ችግሮች መፍትሄ መስጠት ላይ ያተኮረ ነው	እ ን ደ ነ ዚ ህ | ያ ሉ ት | ነ ገ ሮ ች | የ ተ ለ ዩ | ስ ር ዓ ቶ ች | ሆ ነ ዋ ል | ፣ | ይ ህ ም | ለ እ ው ነ ተ ኛ | የ ሕ ይ ወ ት | ች ግ ሮ ች | መ ፍ ት ሄ | መ ስ ጠ ት | ላ ይ | ያ ተ ኮ ረ | ነ ው |	160320	FEMALE
1627	16614583694029754907.wav	የጥንት የሮማኖች ምግቦች በኋለኞቹ መቶ ዘመናት ከአሜሪካ ወይም ከእስያ ወደ አውሮፓ የመጡ ምግቦችን ማካተት አልቻሉም።	የጥንት የሮማኖች ምግቦች በኋለኞቹ መቶ ዘመናት ከአሜሪካ ወይም ከእስያ ወደ አውሮፓ የመጡ ምግቦችን ማካተት አልቻሉም	የ ጥ ን ት | የ ሮ ማ ኖ ች | ም ግ ቦ ች | በ ኋ ለ ኞ ቹ | መ ቶ | ዘ መ ና ት | ከ አ ሜ ሪ ካ | ወ ይ ም | ከ እ ስ ያ | ወ ደ | አ ው ሮ ፓ | የ መ ጡ | ም ግ ቦ ች ን | ማ ካ ተ ት | አ ል ቻ ሉ ም |	153600	FEMALE
1630	809222423884323987.wav	የሜክሲኮው አርሊ ቬላስከዝ በወንዶች የቁጭታ ሱፐር-ጂ አስራ አምስተኛ ሆኖ ጨርሷል። የኒው ዚላንዱ አዳም ሆል በወንዶቹ የቁም ሱፐር-ጂ ሆኖ ጨርሷል።	የሜክሲኮው አርሊ ቬላስከዝ በወንዶች የቁጭታ ሱፐር-ጂ አስራ አምስተኛ ሆኖ ጨርሷል የኒው ዚላንዱ አዳም ሆል በወንዶቹ የቁም ሱፐር-ጂ ሆኖ ጨርሷል	የ ሜ ክ ሲ ኮ ው | አ ር ሊ | ቬ ላ ስ ከ ዝ | በ ወ ን ዶ ች | የ ቁ ጭ ታ | ሱ ፐ ር - ጂ | አ ስ ራ | አ ም ስ ተ ኛ | ሆ ኖ | ጨ ር ሷ ል | የ ኒ ው | ዚ ላ ን ዱ | አ ዳ ም | ሆ ል | በ ወ ን ዶ ቹ | የ ቁ ም | ሱ ፐ ር - ጂ | ሆ ኖ | ጨ ር ሷ ል |	203520	FEMALE
1630	16582806491727679437.wav	የሜክሲኮው አርሊ ቬላስከዝ በወንዶች የቁጭታ ሱፐር-ጂ አስራ አምስተኛ ሆኖ ጨርሷል። የኒው ዚላንዱ አዳም ሆል በወንዶቹ የቁም ሱፐር-ጂ ሆኖ ጨርሷል።	የሜክሲኮው አርሊ ቬላስከዝ በወንዶች የቁጭታ ሱፐር-ጂ አስራ አምስተኛ ሆኖ ጨርሷል የኒው ዚላንዱ አዳም ሆል በወንዶቹ የቁም ሱፐር-ጂ ሆኖ ጨርሷል	የ ሜ ክ ሲ ኮ ው | አ ር ሊ | ቬ ላ ስ ከ ዝ | በ ወ ን ዶ ች | የ ቁ ጭ ታ | ሱ ፐ ር - ጂ | አ ስ ራ | አ ም ስ ተ ኛ | ሆ ኖ | ጨ ር ሷ ል | የ ኒ ው | ዚ ላ ን ዱ | አ ዳ ም | ሆ ል | በ ወ ን ዶ ቹ | የ ቁ ም | ሱ ፐ ር - ጂ | ሆ ኖ | ጨ ር ሷ ል |	251520	FEMALE
1559	11489615445194487772.wav	በጣልያንኛ የቋንቋ አነጋገር ስልታቸው አብዛኛዎቹ ቃላት ልክ እንደሚጻፉት ስለሆነ በአንጻራዊ ሁኔታ ቀላል ነው	በጣልያንኛ የቋንቋ አነጋገር ስልታቸው አብዛኛዎቹ ቃላት ልክ እንደሚጻፉት ስለሆነ በአንጻራዊ ሁኔታ ቀላል ነው	በ ጣ ል ያ ን ኛ | የ ቋ ን ቋ | አ ነ ጋ ገ ር | ስ ል ታ ቸ ው | አ ብ ዛ ኛ ዎ ቹ | ቃ ላ ት | ል ክ | እ ን ደ ሚ ጻ ፉ ት | ስ ለ ሆ ነ | በ አ ን ጻ ራ ዊ | ሁ ኔ ታ | ቀ ላ ል | ነ ው |	157440	FEMALE
1559	9369314165626607563.wav	በጣልያንኛ የቋንቋ አነጋገር ስልታቸው አብዛኛዎቹ ቃላት ልክ እንደሚጻፉት ስለሆነ በአንጻራዊ ሁኔታ ቀላል ነው	በጣልያንኛ የቋንቋ አነጋገር ስልታቸው አብዛኛዎቹ ቃላት ልክ እንደሚጻፉት ስለሆነ በአንጻራዊ ሁኔታ ቀላል ነው	በ ጣ ል ያ ን ኛ | የ ቋ ን ቋ | አ ነ ጋ ገ ር | ስ ል ታ ቸ ው | አ ብ ዛ ኛ ዎ ቹ | ቃ ላ ት | ል ክ | እ ን ደ ሚ ጻ ፉ ት | ስ ለ ሆ ነ | በ አ ን ጻ ራ ዊ | ሁ ኔ ታ | ቀ ላ ል | ነ ው |	149760	FEMALE
1536	13434171186194313293.wav	የአከባቢው ባለሥልጣናት በፋብሪካው አካባቢ የሚገኙ ነዋሪዎችን በቤት ውስጥ እንዲቆዩ ፣ የአየር ማቀዝቀዣዎችን እንዲያጠፉ እና የቧንቧ ውሃ እንዳይጠጡ እያስጠነቀቁ ነው።	የአከባቢው ባለሥልጣናት በፋብሪካው አካባቢ የሚገኙ ነዋሪዎችን በቤት ውስጥ እንዲቆዩ ፣ የአየር ማቀዝቀዣዎችን እንዲያጠፉ እና የቧንቧ ውሃ እንዳይጠጡ እያስጠነቀቁ ነው	የ አ ከ ባ ቢ ው | ባ ለ ሥ ል ጣ ና ት | በ ፋ ብ ሪ ካ ው | አ ካ ባ ቢ | የ ሚ ገ ኙ | ነ ዋ ሪ ዎ ች ን | በ ቤ ት | ው ስ ጥ | እ ን ዲ ቆ ዩ | ፣ | የ አ የ ር | ማ ቀ ዝ ቀ ዣ ዎ ች ን | እ ን ዲ ያ ጠ ፉ | እ ና | የ ቧ ን ቧ | ው ሃ | እ ን ዳ ይ ጠ ጡ | እ ያ ስ ጠ ነ ቀ ቁ | ነ ው |	211200	FEMALE
1647	1679494685920641557.wav	የቀረቡት ዕይታዎች ከሌሎች የበለጠ ዝርዝር መረጃዎች ጋር ሲወዳደሩ የፈጠኑ፣ አጠቃላይ እይታ ያላቸው እና እጅግ የተቃለሉ ናቸው።	የቀረቡት ዕይታዎች ከሌሎች የበለጠ ዝርዝር መረጃዎች ጋር ሲወዳደሩ የፈጠኑ አጠቃላይ እይታ ያላቸው እና እጅግ የተቃለሉ ናቸው	የ ቀ ረ ቡ ት | ዕ ይ ታ ዎ ች | ከ ሌ ሎ ች | የ በ ለ ጠ | ዝ ር ዝ ር | መ ረ ጃ ዎ ች | ጋ ር | ሲ ወ ዳ ደ ሩ | የ ፈ ጠ ኑ | አ ጠ ቃ ላ ይ | እ ይ ታ | ያ ላ ቸ ው | እ ና | እ ጅ ግ | የ ተ ቃ ለ ሉ | ና ቸ ው |	164160	FEMALE
1647	15742771556793616907.wav	የቀረቡት ዕይታዎች ከሌሎች የበለጠ ዝርዝር መረጃዎች ጋር ሲወዳደሩ የፈጠኑ፣ አጠቃላይ እይታ ያላቸው እና እጅግ የተቃለሉ ናቸው።	የቀረቡት ዕይታዎች ከሌሎች የበለጠ ዝርዝር መረጃዎች ጋር ሲወዳደሩ የፈጠኑ አጠቃላይ እይታ ያላቸው እና እጅግ የተቃለሉ ናቸው	የ ቀ ረ ቡ ት | ዕ ይ ታ ዎ ች | ከ ሌ ሎ ች | የ በ ለ ጠ | ዝ ር ዝ ር | መ ረ ጃ ዎ ች | ጋ ር | ሲ ወ ዳ ደ ሩ | የ ፈ ጠ ኑ | አ ጠ ቃ ላ ይ | እ ይ ታ | ያ ላ ቸ ው | እ ና | እ ጅ ግ | የ ተ ቃ ለ ሉ | ና ቸ ው |	183360	FEMALE
1555	7287257485182259449.wav	በቤተ-ክርስቲያን ግቢው ውስጥ በአንዳንድ መቃብሮች ላይ አስገራሚ የእርግቦች የእምነበረድ ቅርጽ-ቅርጾች አሉ።	በቤተ-ክርስቲያን ግቢው ውስጥ በአንዳንድ መቃብሮች ላይ አስገራሚ የእርግቦች የእምነበረድ ቅርጽ-ቅርጾች አሉ	በ ቤ ተ - ክ ር ስ ቲ ያ ን | ግ ቢ ው | ው ስ ጥ | በ አ ን ዳ ን ድ | መ ቃ ብ ሮ ች | ላ ይ | አ ስ ገ ራ ሚ | የ እ ር ግ ቦ ች | የ እ ም ነ በ ረ ድ | ቅ ር ጽ - ቅ ር ጾ ች | አ ሉ |	152640	FEMALE
1555	7885797781288068420.wav	በቤተ-ክርስቲያን ግቢው ውስጥ በአንዳንድ መቃብሮች ላይ አስገራሚ የእርግቦች የእምነበረድ ቅርጽ-ቅርጾች አሉ።	በቤተ-ክርስቲያን ግቢው ውስጥ በአንዳንድ መቃብሮች ላይ አስገራሚ የእርግቦች የእምነበረድ ቅርጽ-ቅርጾች አሉ	በ ቤ ተ - ክ ር ስ ቲ ያ ን | ግ ቢ ው | ው ስ ጥ | በ አ ን ዳ ን ድ | መ ቃ ብ ሮ ች | ላ ይ | አ ስ ገ ራ ሚ | የ እ ር ግ ቦ ች | የ እ ም ነ በ ረ ድ | ቅ ር ጽ - ቅ ር ጾ ች | አ ሉ |	143040	FEMALE
1515	312416451248978762.wav	ይህ በአራት ዓመታት ውስጥ የማርቴሊ አምስተኛው CEP ነው።	ይህ በአራት ዓመታት ውስጥ የማርቴሊ አምስተኛው cep ነው	ይ ህ | በ አ ራ ት | ዓ መ ታ ት | ው ስ ጥ | የ ማ ር ቴ ሊ | አ ም ስ ተ ኛ ው | c e p | ነ ው |	102720	FEMALE
1515	7863177752393684820.wav	ይህ በአራት ዓመታት ውስጥ የማርቴሊ አምስተኛው CEP ነው።	ይህ በአራት ዓመታት ውስጥ የማርቴሊ አምስተኛው cep ነው	ይ ህ | በ አ ራ ት | ዓ መ ታ ት | ው ስ ጥ | የ ማ ር ቴ ሊ | አ ም ስ ተ ኛ ው | c e p | ነ ው |	90240	FEMALE
1648	8820367833115101699.wav	በከነዓን ምድር ውስጥ ትላልቅ ደኖች አልነበሩም፣ ስለሆነም እንጨት እጅግ በጣም ውድ ነበር።	በከነዓን ምድር ውስጥ ትላልቅ ደኖች አልነበሩም ስለሆነም እንጨት እጅግ በጣም ውድ ነበር	በ ከ ነ ዓ ን | ም ድ ር | ው ስ ጥ | ት ላ ል ቅ | ደ ኖ ች | አ ል ነ በ ሩ ም | ስ ለ ሆ ነ ም | እ ን ጨ ት | እ ጅ ግ | በ ጣ ም | ው ድ | ነ በ ር |	114240	FEMALE
1648	4248182964066772330.wav	በከነዓን ምድር ውስጥ ትላልቅ ደኖች አልነበሩም፣ ስለሆነም እንጨት እጅግ በጣም ውድ ነበር።	በከነዓን ምድር ውስጥ ትላልቅ ደኖች አልነበሩም ስለሆነም እንጨት እጅግ በጣም ውድ ነበር	በ ከ ነ ዓ ን | ም ድ ር | ው ስ ጥ | ት ላ ል ቅ | ደ ኖ ች | አ ል ነ በ ሩ ም | ስ ለ ሆ ነ ም | እ ን ጨ ት | እ ጅ ግ | በ ጣ ም | ው ድ | ነ በ ር |	129600	FEMALE
1510	2878976604889397686.wav	ዩ.ኤንም በዓለም አየር ሙቀት መጨመር ለተጎዱ ሃገራት ተፅዕኖውን እንዲቋቋሙ ለመርዳት ገንዘብ ለማጠናቀቅ ተስፋ ያደርጋል።	ዩ.ኤንም በዓለም አየር ሙቀት መጨመር ለተጎዱ ሃገራት ተፅዕኖውን እንዲቋቋሙ ለመርዳት ገንዘብ ለማጠናቀቅ ተስፋ ያደርጋል	ዩ . ኤ ን ም | በ ዓ ለ ም | አ የ ር | ሙ ቀ ት | መ ጨ መ ር | ለ ተ ጎ ዱ | ሃ ገ ራ ት | ተ ፅ ዕ ኖ ው ን | እ ን ዲ ቋ ቋ ሙ | ለ መ ር ዳ ት | ገ ን ዘ ብ | ለ ማ ጠ ና ቀ ቅ | ተ ስ ፋ | ያ ደ ር ጋ ል |	146880	FEMALE
1510	12842538022118042984.wav	ዩ.ኤንም በዓለም አየር ሙቀት መጨመር ለተጎዱ ሃገራት ተፅዕኖውን እንዲቋቋሙ ለመርዳት ገንዘብ ለማጠናቀቅ ተስፋ ያደርጋል።	ዩ.ኤንም በዓለም አየር ሙቀት መጨመር ለተጎዱ ሃገራት ተፅዕኖውን እንዲቋቋሙ ለመርዳት ገንዘብ ለማጠናቀቅ ተስፋ ያደርጋል	ዩ . ኤ ን ም | በ ዓ ለ ም | አ የ ር | ሙ ቀ ት | መ ጨ መ ር | ለ ተ ጎ ዱ | ሃ ገ ራ ት | ተ ፅ ዕ ኖ ው ን | እ ን ዲ ቋ ቋ ሙ | ለ መ ር ዳ ት | ገ ን ዘ ብ | ለ ማ ጠ ና ቀ ቅ | ተ ስ ፋ | ያ ደ ር ጋ ል |	145920	FEMALE
1510	19072428431738602.wav	ዩ.ኤንም በዓለም አየር ሙቀት መጨመር ለተጎዱ ሃገራት ተፅዕኖውን እንዲቋቋሙ ለመርዳት ገንዘብ ለማጠናቀቅ ተስፋ ያደርጋል።	ዩ.ኤንም በዓለም አየር ሙቀት መጨመር ለተጎዱ ሃገራት ተፅዕኖውን እንዲቋቋሙ ለመርዳት ገንዘብ ለማጠናቀቅ ተስፋ ያደርጋል	ዩ . ኤ ን ም | በ ዓ ለ ም | አ የ ር | ሙ ቀ ት | መ ጨ መ ር | ለ ተ ጎ ዱ | ሃ ገ ራ ት | ተ ፅ ዕ ኖ ው ን | እ ን ዲ ቋ ቋ ሙ | ለ መ ር ዳ ት | ገ ን ዘ ብ | ለ ማ ጠ ና ቀ ቅ | ተ ስ ፋ | ያ ደ ር ጋ ል |	188160	FEMALE
1551	14917099516470084109.wav	እስካሁን ግጭቱ ምን ያህል ትልቅ እንደነበረ እና ምድር እንዴት ተፅዕኖ እንደሚያድርባት ለማወቅ እየሞከሩ ነው።	እስካሁን ግጭቱ ምን ያህል ትልቅ እንደነበረ እና ምድር እንዴት ተፅዕኖ እንደሚያድርባት ለማወቅ እየሞከሩ ነው	እ ስ ካ ሁ ን | ግ ጭ ቱ | ም ን | ያ ህ ል | ት ል ቅ | እ ን ደ ነ በ ረ | እ ና | ም ድ ር | እ ን ዴ ት | ተ ፅ ዕ ኖ | እ ን ደ ሚ ያ ድ ር ባ ት | ለ ማ ወ ቅ | እ የ ሞ ከ ሩ | ነ ው |	157440	FEMALE
1578	16452595837618164525.wav	ከዚያ በኋላ፣ ላካ ሲንግ ባጃንን ለመዘመር ግንባር ቀደም ሆነ።	ከዚያ በኋላ ላካ ሲንግ ባጃንን ለመዘመር ግንባር ቀደም ሆነ	ከ ዚ ያ | በ ኋ ላ | ላ ካ | ሲ ን ግ | ባ ጃ ን ን | ለ መ ዘ መ ር | ግ ን ባ ር | ቀ ደ ም | ሆ ነ |	111360	FEMALE
1572	2206995046240517047.wav	በሁለት ሰዓት ውስጥ ሦስት ተጨማሪ ቦምቦች በመንግሥት ሕንፃዎች አቅራቢያ ፈንድተዋል።	በሁለት ሰዓት ውስጥ ሦስት ተጨማሪ ቦምቦች በመንግሥት ሕንፃዎች አቅራቢያ ፈንድተዋል	በ ሁ ለ ት | ሰ ዓ ት | ው ስ ጥ | ሦ ስ ት | ተ ጨ ማ ሪ | ቦ ም ቦ ች | በ መ ን ግ ሥ ት | ሕ ን ፃ ዎ ች | አ ቅ ራ ቢ ያ | ፈ ን ድ ተ ዋ ል |	124800	FEMALE
1572	1886061463242927174.wav	በሁለት ሰዓት ውስጥ ሦስት ተጨማሪ ቦምቦች በመንግሥት ሕንፃዎች አቅራቢያ ፈንድተዋል።	በሁለት ሰዓት ውስጥ ሦስት ተጨማሪ ቦምቦች በመንግሥት ሕንፃዎች አቅራቢያ ፈንድተዋል	በ ሁ ለ ት | ሰ ዓ ት | ው ስ ጥ | ሦ ስ ት | ተ ጨ ማ ሪ | ቦ ም ቦ ች | በ መ ን ግ ሥ ት | ሕ ን ፃ ዎ ች | አ ቅ ራ ቢ ያ | ፈ ን ድ ተ ዋ ል |	126720	FEMALE
1572	16529083419700838600.wav	በሁለት ሰዓት ውስጥ ሦስት ተጨማሪ ቦምቦች በመንግሥት ሕንፃዎች አቅራቢያ ፈንድተዋል።	በሁለት ሰዓት ውስጥ ሦስት ተጨማሪ ቦምቦች በመንግሥት ሕንፃዎች አቅራቢያ ፈንድተዋል	በ ሁ ለ ት | ሰ ዓ ት | ው ስ ጥ | ሦ ስ ት | ተ ጨ ማ ሪ | ቦ ም ቦ ች | በ መ ን ግ ሥ ት | ሕ ን ፃ ዎ ች | አ ቅ ራ ቢ ያ | ፈ ን ድ ተ ዋ ል |	107520	FEMALE
1614	14569054031755350633.wav	በምሽት ዕይታ በደንብ ማየት ይችላሉ፣ እንዲሁም በጥሩ ሁኔታም መንቀሳቀስ ይችላሉ። ኦሴሎቶች ከአካባቢያቸው ጋር በመመሳሰል የሚታደኑ እንስሳዎችን ያገኛሉ።	በምሽት ዕይታ በደንብ ማየት ይችላሉ እንዲሁም በጥሩ ሁኔታም መንቀሳቀስ ይችላሉ ኦሴሎቶች ከአካባቢያቸው ጋር በመመሳሰል የሚታደኑ እንስሳዎችን ያገኛሉ	በ ም ሽ ት | ዕ ይ ታ | በ ደ ን ብ | ማ የ ት | ይ ች ላ ሉ | እ ን ዲ ሁ ም | በ ጥ ሩ | ሁ ኔ ታ ም | መ ን ቀ ሳ ቀ ስ | ይ ች ላ ሉ | ኦ ሴ ሎ ቶ ች | ከ አ ካ ባ ቢ ያ ቸ ው | ጋ ር | በ መ መ ሳ ሰ ል | የ ሚ ታ ደ ኑ | እ ን ስ ሳ ዎ ች ን | ያ ገ ኛ ሉ |	199680	FEMALE
1529	7949401311137083148.wav	ከዚህ ቀደም፣ የሪንግ ዋና ሥራ አስኪያጅ፣ ጄሚ ሲሚኖፍ፣ ኩባንያው የጀመው የበር ደውሉ መኪና ማቆሚያው ውስጥ በሚገኘው ሱቅ ውስጥ አልሰማ ሲለው እንደሆነ ተናግሯል።	ከዚህ ቀደም የሪንግ ዋና ሥራ አስኪያጅ ጄሚ ሲሚኖፍ ኩባንያው የጀመው የበር ደውሉ መኪና ማቆሚያው ውስጥ በሚገኘው ሱቅ ውስጥ አልሰማ ሲለው እንደሆነ ተናግሯል	ከ ዚ ህ | ቀ ደ ም | የ ሪ ን ግ | ዋ ና | ሥ ራ | አ ስ ኪ ያ ጅ | ጄ ሚ | ሲ ሚ ኖ ፍ | ኩ ባ ን ያ ው | የ ጀ መ ው | የ በ ር | ደ ው ሉ | መ ኪ ና | ማ ቆ ሚ ያ ው | ው ስ ጥ | በ ሚ ገ ኘ ው | ሱ ቅ | ው ስ ጥ | አ ል ሰ ማ | ሲ ለ ው | እ ን ደ ሆ ነ | ተ ና ግ ሯ ል |	224640	FEMALE
1570	157276788235878556.wav	እንዲሁም በክልሎች መካከል የግብር ህጎችን እና ታሪፎችን የመሻር ስልጣን አልነበረውም።	እንዲሁም በክልሎች መካከል የግብር ህጎችን እና ታሪፎችን የመሻር ስልጣን አልነበረውም	እ ን ዲ ሁ ም | በ ክ ል ሎ ች | መ ካ ከ ል | የ ግ ብ ር | ህ ጎ ች ን | እ ና | ታ ሪ ፎ ች ን | የ መ ሻ ር | ስ ል ጣ ን | አ ል ነ በ ረ ው ም |	130560	FEMALE
1570	230739774970739766.wav	እንዲሁም በክልሎች መካከል የግብር ህጎችን እና ታሪፎችን የመሻር ስልጣን አልነበረውም።	እንዲሁም በክልሎች መካከል የግብር ህጎችን እና ታሪፎችን የመሻር ስልጣን አልነበረውም	እ ን ዲ ሁ ም | በ ክ ል ሎ ች | መ ካ ከ ል | የ ግ ብ ር | ህ ጎ ች ን | እ ና | ታ ሪ ፎ ች ን | የ መ ሻ ር | ስ ል ጣ ን | አ ል ነ በ ረ ው ም |	145920	FEMALE
1544	7328344135348040999.wav	ነፍሳት ወደ አየር የሄዱት የመጀመሪያ እንስሳት ነበሩ። የመብረር ችሎታቸው ጠላቶችን በቀላሉ ለማሸሽ እና ምግብን እና የትዳር ጓደኛን በብቃት እንዲያገኙ ረድቷቸዋል።	ነፍሳት ወደ አየር የሄዱት የመጀመሪያ እንስሳት ነበሩ የመብረር ችሎታቸው ጠላቶችን በቀላሉ ለማሸሽ እና ምግብን እና የትዳር ጓደኛን በብቃት እንዲያገኙ ረድቷቸዋል	ነ ፍ ሳ ት | ወ ደ | አ የ ር | የ ሄ ዱ ት | የ መ ጀ መ ሪ ያ | እ ን ስ ሳ ት | ነ በ ሩ | የ መ ብ ረ ር | ች ሎ ታ ቸ ው | ጠ ላ ቶ ች ን | በ ቀ ላ ሉ | ለ ማ ሸ ሽ | እ ና | ም ግ ብ ን | እ ና | የ ት ዳ ር | ጓ ደ ኛ ን | በ ብ ቃ ት | እ ን ዲ ያ ገ ኙ | ረ ድ ቷ ቸ ዋ ል |	208320	FEMALE
1544	3288770442496437801.wav	ነፍሳት ወደ አየር የሄዱት የመጀመሪያ እንስሳት ነበሩ። የመብረር ችሎታቸው ጠላቶችን በቀላሉ ለማሸሽ እና ምግብን እና የትዳር ጓደኛን በብቃት እንዲያገኙ ረድቷቸዋል።	ነፍሳት ወደ አየር የሄዱት የመጀመሪያ እንስሳት ነበሩ የመብረር ችሎታቸው ጠላቶችን በቀላሉ ለማሸሽ እና ምግብን እና የትዳር ጓደኛን በብቃት እንዲያገኙ ረድቷቸዋል	ነ ፍ ሳ ት | ወ ደ | አ የ ር | የ ሄ ዱ ት | የ መ ጀ መ ሪ ያ | እ ን ስ ሳ ት | ነ በ ሩ | የ መ ብ ረ ር | ች ሎ ታ ቸ ው | ጠ ላ ቶ ች ን | በ ቀ ላ ሉ | ለ ማ ሸ ሽ | እ ና | ም ግ ብ ን | እ ና | የ ት ዳ ር | ጓ ደ ኛ ን | በ ብ ቃ ት | እ ን ዲ ያ ገ ኙ | ረ ድ ቷ ቸ ዋ ል |	196800	FEMALE
1640	15794143307993594233.wav	በረዶዋማ እና በረዶ በሚዘንብባቸው መንገዶች፣ ሰበቃ ትንሽ ነው በባዶ አስፓልት ላይ እንደሚነዱት ሊነዱ አይችሉም።	በረዶዋማ እና በረዶ በሚዘንብባቸው መንገዶች ሰበቃ ትንሽ ነው በባዶ አስፓልት ላይ እንደሚነዱት ሊነዱ አይችሉም	በ ረ ዶ ዋ ማ | እ ና | በ ረ ዶ | በ ሚ ዘ ን ብ ባ ቸ ው | መ ን ገ ዶ ች | ሰ በ ቃ | ት ን ሽ | ነ ው | በ ባ ዶ | አ ስ ፓ ል ት | ላ ይ | እ ን ደ ሚ ነ ዱ ት | ሊ ነ ዱ | አ ይ ች ሉ ም |	147840	FEMALE
1599	2553410697771286559.wav	የመጀመሪያው ዝርያ በጭራሽ አልተለወጠም ፣ አሁንም እንደበፊቱ ተመሳሳይ ማመቻቸት ይፈልጋሉ።	የመጀመሪያው ዝርያ በጭራሽ አልተለወጠም ፣ አሁንም እንደበፊቱ ተመሳሳይ ማመቻቸት ይፈልጋሉ	የ መ ጀ መ ሪ ያ ው | ዝ ር ያ | በ ጭ ራ ሽ | አ ል ተ ለ ወ ጠ ም | ፣ | አ ሁ ን ም | እ ን ደ በ ፊ ቱ | ተ መ ሳ ሳ ይ | ማ መ ቻ ቸ ት | ይ ፈ ል ጋ ሉ |	131520	FEMALE
1599	445400927367846669.wav	የመጀመሪያው ዝርያ በጭራሽ አልተለወጠም ፣ አሁንም እንደበፊቱ ተመሳሳይ ማመቻቸት ይፈልጋሉ።	የመጀመሪያው ዝርያ በጭራሽ አልተለወጠም ፣ አሁንም እንደበፊቱ ተመሳሳይ ማመቻቸት ይፈልጋሉ	የ መ ጀ መ ሪ ያ ው | ዝ ር ያ | በ ጭ ራ ሽ | አ ል ተ ለ ወ ጠ ም | ፣ | አ ሁ ን ም | እ ን ደ በ ፊ ቱ | ተ መ ሳ ሳ ይ | ማ መ ቻ ቸ ት | ይ ፈ ል ጋ ሉ |	125760	FEMALE
1645	16749277006920689274.wav	ሁሉን አጥፊ የሆነው ኃይሉ ከሊቅ እስከ ደቂቅ ሁሉንም የሚነካ ነው።	ሁሉን አጥፊ የሆነው ኃይሉ ከሊቅ እስከ ደቂቅ ሁሉንም የሚነካ ነው	ሁ ሉ ን | አ ጥ ፊ | የ ሆ ነ ው | ኃ ይ ሉ | ከ ሊ ቅ | እ ስ ከ | ደ ቂ ቅ | ሁ ሉ ን ም | የ ሚ ነ ካ | ነ ው |	100800	FEMALE
1645	17478725149090794626.wav	ሁሉን አጥፊ የሆነው ኃይሉ ከሊቅ እስከ ደቂቅ ሁሉንም የሚነካ ነው።	ሁሉን አጥፊ የሆነው ኃይሉ ከሊቅ እስከ ደቂቅ ሁሉንም የሚነካ ነው	ሁ ሉ ን | አ ጥ ፊ | የ ሆ ነ ው | ኃ ይ ሉ | ከ ሊ ቅ | እ ስ ከ | ደ ቂ ቅ | ሁ ሉ ን ም | የ ሚ ነ ካ | ነ ው |	105600	FEMALE
1558	3835322651383856296.wav	አንድ ድርጅት ፈጠሪ ከመሆኑ በፊት አመራር የፈጠራ ስራ ባህል እንዲሁም የጋራ ዕውቀት እና ድርጅታዊ ትምህርት መፍጠር አለበት።	አንድ ድርጅት ፈጠሪ ከመሆኑ በፊት አመራር የፈጠራ ስራ ባህል እንዲሁም የጋራ ዕውቀት እና ድርጅታዊ ትምህርት መፍጠር አለበት	አ ን ድ | ድ ር ጅ ት | ፈ ጠ ሪ | ከ መ ሆ ኑ | በ ፊ ት | አ መ ራ ር | የ ፈ ጠ ራ | ስ ራ | ባ ህ ል | እ ን ዲ ሁ ም | የ ጋ ራ | ዕ ው ቀ ት | እ ና | ድ ር ጅ ታ ዊ | ት ም ህ ር ት | መ ፍ ጠ ር | አ ለ በ ት |	188160	FEMALE
1615	8594643058595821402.wav	ከሺዎች ዓመታት በፊት አርስጥሮኮስ የተባለ አንድ ሰው የሶላር ሲስተሙ በፀሐይ ዙሪያ ይዘዋወራል ብሏል።	ከሺዎች ዓመታት በፊት አርስጥሮኮስ የተባለ አንድ ሰው የሶላር ሲስተሙ በፀሐይ ዙሪያ ይዘዋወራል ብሏል	ከ ሺ ዎ ች | ዓ መ ታ ት | በ ፊ ት | አ ር ስ ጥ ሮ ኮ ስ | የ ተ ባ ለ | አ ን ድ | ሰ ው | የ ሶ ላ ር | ሲ ስ ተ ሙ | በ ፀ ሐ ይ | ዙ ሪ ያ | ይ ዘ ዋ ወ ራ ል | ብ ሏ ል |	182400	FEMALE
1615	7537208414878929290.wav	ከሺዎች ዓመታት በፊት አርስጥሮኮስ የተባለ አንድ ሰው የሶላር ሲስተሙ በፀሐይ ዙሪያ ይዘዋወራል ብሏል።	ከሺዎች ዓመታት በፊት አርስጥሮኮስ የተባለ አንድ ሰው የሶላር ሲስተሙ በፀሐይ ዙሪያ ይዘዋወራል ብሏል	ከ ሺ ዎ ች | ዓ መ ታ ት | በ ፊ ት | አ ር ስ ጥ ሮ ኮ ስ | የ ተ ባ ለ | አ ን ድ | ሰ ው | የ ሶ ላ ር | ሲ ስ ተ ሙ | በ ፀ ሐ ይ | ዙ ሪ ያ | ይ ዘ ዋ ወ ራ ል | ብ ሏ ል |	132480	FEMALE
1560	3302784423037392599.wav	ካሉበት እንደወጡ ወዲያውኑ ወደኋላ መዋኘት ከተለመደው የበለጠ ከባድ አይደለም።	ካሉበት እንደወጡ ወዲያውኑ ወደኋላ መዋኘት ከተለመደው የበለጠ ከባድ አይደለም	ካ ሉ በ ት | እ ን ደ ወ ጡ | ወ ዲ ያ ው ኑ | ወ ደ ኋ ላ | መ ዋ ኘ ት | ከ ተ ለ መ ደ ው | የ በ ለ ጠ | ከ ባ ድ | አ ይ ደ ለ ም |	107520	FEMALE
1560	15454370253541650309.wav	ካሉበት እንደወጡ ወዲያውኑ ወደኋላ መዋኘት ከተለመደው የበለጠ ከባድ አይደለም።	ካሉበት እንደወጡ ወዲያውኑ ወደኋላ መዋኘት ከተለመደው የበለጠ ከባድ አይደለም	ካ ሉ በ ት | እ ን ደ ወ ጡ | ወ ዲ ያ ው ኑ | ወ ደ ኋ ላ | መ ዋ ኘ ት | ከ ተ ለ መ ደ ው | የ በ ለ ጠ | ከ ባ ድ | አ ይ ደ ለ ም |	120960	FEMALE
1646	9425846325764885028.wav	በኦክላንድ ሁለት ወደቦች ምክኒያት ብዙ የባህር ዳርቻዎች አሉ። በጣም የታወቁት በሶስት ቦታዎች ይገኛሉ።	በኦክላንድ ሁለት ወደቦች ምክኒያት ብዙ የባህር ዳርቻዎች አሉ በጣም የታወቁት በሶስት ቦታዎች ይገኛሉ	በ ኦ ክ ላ ን ድ | ሁ ለ ት | ወ ደ ቦ ች | ም ክ ኒ ያ ት | ብ ዙ | የ ባ ህ ር | ዳ ር ቻ ዎ ች | አ ሉ | በ ጣ ም | የ ታ ወ ቁ ት | በ ሶ ስ ት | ቦ ታ ዎ ች | ይ ገ ኛ ሉ |	115200	FEMALE
1646	14350207717790037679.wav	በኦክላንድ ሁለት ወደቦች ምክኒያት ብዙ የባህር ዳርቻዎች አሉ። በጣም የታወቁት በሶስት ቦታዎች ይገኛሉ።	በኦክላንድ ሁለት ወደቦች ምክኒያት ብዙ የባህር ዳርቻዎች አሉ በጣም የታወቁት በሶስት ቦታዎች ይገኛሉ	በ ኦ ክ ላ ን ድ | ሁ ለ ት | ወ ደ ቦ ች | ም ክ ኒ ያ ት | ብ ዙ | የ ባ ህ ር | ዳ ር ቻ ዎ ች | አ ሉ | በ ጣ ም | የ ታ ወ ቁ ት | በ ሶ ስ ት | ቦ ታ ዎ ች | ይ ገ ኛ ሉ |	122880	FEMALE
1646	3453785169492421769.wav	በኦክላንድ ሁለት ወደቦች ምክኒያት ብዙ የባህር ዳርቻዎች አሉ። በጣም የታወቁት በሶስት ቦታዎች ይገኛሉ።	በኦክላንድ ሁለት ወደቦች ምክኒያት ብዙ የባህር ዳርቻዎች አሉ በጣም የታወቁት በሶስት ቦታዎች ይገኛሉ	በ ኦ ክ ላ ን ድ | ሁ ለ ት | ወ ደ ቦ ች | ም ክ ኒ ያ ት | ብ ዙ | የ ባ ህ ር | ዳ ር ቻ ዎ ች | አ ሉ | በ ጣ ም | የ ታ ወ ቁ ት | በ ሶ ስ ት | ቦ ታ ዎ ች | ይ ገ ኛ ሉ |	151680	FEMALE
1628	7632895360584184558.wav	የእጅ-ጥበብ ምርቶች ምንም እንኳን በተመሳሳይ በጅምላ ከሚመረቱ ምርቶች በዕድሜ ያነሱ ቢሆኑም እንደ ጥንታዊ ሊገለፁ ይችላሉ።	የእጅ-ጥበብ ምርቶች ምንም እንኳን በተመሳሳይ በጅምላ ከሚመረቱ ምርቶች በዕድሜ ያነሱ ቢሆኑም እንደ ጥንታዊ ሊገለፁ ይችላሉ	የ እ ጅ - ጥ በ ብ | ም ር ቶ ች | ም ን ም | እ ን ኳ ን | በ ተ መ ሳ ሳ ይ | በ ጅ ም ላ | ከ ሚ መ ረ ቱ | ም ር ቶ ች | በ ዕ ድ ሜ | ያ ነ ሱ | ቢ ሆ ኑ ም | እ ን ደ | ጥ ን ታ ዊ | ሊ ገ ለ ፁ | ይ ች ላ ሉ |	169920	FEMALE
1628	7326893587158855507.wav	የእጅ-ጥበብ ምርቶች ምንም እንኳን በተመሳሳይ በጅምላ ከሚመረቱ ምርቶች በዕድሜ ያነሱ ቢሆኑም እንደ ጥንታዊ ሊገለፁ ይችላሉ።	የእጅ-ጥበብ ምርቶች ምንም እንኳን በተመሳሳይ በጅምላ ከሚመረቱ ምርቶች በዕድሜ ያነሱ ቢሆኑም እንደ ጥንታዊ ሊገለፁ ይችላሉ	የ እ ጅ - ጥ በ ብ | ም ር ቶ ች | ም ን ም | እ ን ኳ ን | በ ተ መ ሳ ሳ ይ | በ ጅ ም ላ | ከ ሚ መ ረ ቱ | ም ር ቶ ች | በ ዕ ድ ሜ | ያ ነ ሱ | ቢ ሆ ኑ ም | እ ን ደ | ጥ ን ታ ዊ | ሊ ገ ለ ፁ | ይ ች ላ ሉ |	174720	FEMALE
1628	14120977191716049744.wav	የእጅ-ጥበብ ምርቶች ምንም እንኳን በተመሳሳይ በጅምላ ከሚመረቱ ምርቶች በዕድሜ ያነሱ ቢሆኑም እንደ ጥንታዊ ሊገለፁ ይችላሉ።	የእጅ-ጥበብ ምርቶች ምንም እንኳን በተመሳሳይ በጅምላ ከሚመረቱ ምርቶች በዕድሜ ያነሱ ቢሆኑም እንደ ጥንታዊ ሊገለፁ ይችላሉ	የ እ ጅ - ጥ በ ብ | ም ር ቶ ች | ም ን ም | እ ን ኳ ን | በ ተ መ ሳ ሳ ይ | በ ጅ ም ላ | ከ ሚ መ ረ ቱ | ም ር ቶ ች | በ ዕ ድ ሜ | ያ ነ ሱ | ቢ ሆ ኑ ም | እ ን ደ | ጥ ን ታ ዊ | ሊ ገ ለ ፁ | ይ ች ላ ሉ |	174720	FEMALE
1639	6018148625700487650.wav	ተማሪዎች ብዙውን ጊዜ በጣም ወሳኝ ታዳሚዎች ስለሆኑ የብሎግ ጸሐፊው ትችቶችን ለማስወገድ ጽሑፎችን ለማሻሻል መጣር ይጀምራል።	ተማሪዎች ብዙውን ጊዜ በጣም ወሳኝ ታዳሚዎች ስለሆኑ የብሎግ ጸሐፊው ትችቶችን ለማስወገድ ጽሑፎችን ለማሻሻል መጣር ይጀምራል	ተ ማ ሪ ዎ ች | ብ ዙ ው ን | ጊ ዜ | በ ጣ ም | ወ ሳ ኝ | ታ ዳ ሚ ዎ ች | ስ ለ ሆ ኑ | የ ብ ሎ ግ | ጸ ሐ ፊ ው | ት ች ቶ ች ን | ለ ማ ስ ወ ገ ድ | ጽ ሑ ፎ ች ን | ለ ማ ሻ ሻ ል | መ ጣ ር | ይ ጀ ም ራ ል |	178560	FEMALE
1639	8620317806070678279.wav	ተማሪዎች ብዙውን ጊዜ በጣም ወሳኝ ታዳሚዎች ስለሆኑ የብሎግ ጸሐፊው ትችቶችን ለማስወገድ ጽሑፎችን ለማሻሻል መጣር ይጀምራል።	ተማሪዎች ብዙውን ጊዜ በጣም ወሳኝ ታዳሚዎች ስለሆኑ የብሎግ ጸሐፊው ትችቶችን ለማስወገድ ጽሑፎችን ለማሻሻል መጣር ይጀምራል	ተ ማ ሪ ዎ ች | ብ ዙ ው ን | ጊ ዜ | በ ጣ ም | ወ ሳ ኝ | ታ ዳ ሚ ዎ ች | ስ ለ ሆ ኑ | የ ብ ሎ ግ | ጸ ሐ ፊ ው | ት ች ቶ ች ን | ለ ማ ስ ወ ገ ድ | ጽ ሑ ፎ ች ን | ለ ማ ሻ ሻ ል | መ ጣ ር | ይ ጀ ም ራ ል |	175680	FEMALE
1639	3007160530890402031.wav	ተማሪዎች ብዙውን ጊዜ በጣም ወሳኝ ታዳሚዎች ስለሆኑ የብሎግ ጸሐፊው ትችቶችን ለማስወገድ ጽሑፎችን ለማሻሻል መጣር ይጀምራል።	ተማሪዎች ብዙውን ጊዜ በጣም ወሳኝ ታዳሚዎች ስለሆኑ የብሎግ ጸሐፊው ትችቶችን ለማስወገድ ጽሑፎችን ለማሻሻል መጣር ይጀምራል	ተ ማ ሪ ዎ ች | ብ ዙ ው ን | ጊ ዜ | በ ጣ ም | ወ ሳ ኝ | ታ ዳ ሚ ዎ ች | ስ ለ ሆ ኑ | የ ብ ሎ ግ | ጸ ሐ ፊ ው | ት ች ቶ ች ን | ለ ማ ስ ወ ገ ድ | ጽ ሑ ፎ ች ን | ለ ማ ሻ ሻ ል | መ ጣ ር | ይ ጀ ም ራ ል |	162240	FEMALE
1567	3493965172888628062.wav	የዓመቱ ታላቅ ውድድር በዲሴምበር ላስ ካኒታስ ውስጥ ፖሎ መስኮቹ ጋር ያካሄዳል።	የዓመቱ ታላቅ ውድድር በዲሴምበር ላስ ካኒታስ ውስጥ ፖሎ መስኮቹ ጋር ያካሄዳል	የ ዓ መ ቱ | ታ ላ ቅ | ው ድ ድ ር | በ ዲ ሴ ም በ ር | ላ ስ | ካ ኒ ታ ስ | ው ስ ጥ | ፖ ሎ | መ ስ ኮ ቹ | ጋ ር | ያ ካ ሄ ዳ ል |	124800	FEMALE
